id,first_name,last_name,gender,phoneNumber,creditCard,cCType
1,Daron,Baudacci,M,1156695756,3585802005667684,jcb
2,Edna,Pimme,F,1029228704,3535812160684599,jcb
3,Nanette,Dewberry,F,9614652244,5119396874144867,mastercard
4,Revkah,Ogden,F,7875306424,4041590962700,visa
5,Jim,Strodder,M,4947619668,3554653481841476,jcb
6,Lenora,Kilfether,F,9626266837,5602215622503675,bankcard
7,Brewster,Pardon,M,5907405492,4911329929736264225,switch
8,Rod,Yitzhok,M,7326634917,67719306067608291,laser
9,Luke,Glasebrook,M,2296488206,341490174471590,americanexpress
10,Wheeler,Heasman,M,7065002750,3540177795151312,jcb
11,Odie,Flippen,M,4491209238,3536537652940741,jcb
12,Nickolaus,Flannery,M,8743208975,5007663258989240,mastercard
13,Kane,Gerckens,M,7955689816,3534765620019189,jcb
14,Ringo,De Ruel,M,7743940273,3567444868012799,jcb
15,Nicki,Rickardes,F,8754149443,3546554459751781,jcb
16,Donny,Cramphorn,F,1097000856,3564209682789176,jcb
17,Aliza,Paal,F,5847597282,4405558978040848,visa-electron
18,Augustus,Brandsma,M,4072260198,5602234505845988,china-unionpay
19,Eadith,Stetlye,F,9479309372,3531512072704519,jcb
20,Shannan,Haggerty,M,9841412806,201403960966722,diners-club-enroute
21,Charley,Boys,M,9519625778,3558984558689316,jcb
22,Tabbitha,Northbridge,F,5786359297,4041378318331,visa
23,Analiese,Comello,F,4977069619,3529871828791749,jcb
24,Morgan,Spadelli,F,3941282047,374283737506014,americanexpress
25,Connie,Keele,M,2321771723,3572425733662382,jcb
26,Gunar,Dauney,M,5504865659,3529975635816829,jcb
27,Therine,O'Dowd,F,7072684589,372301376768950,americanexpress
28,Walt,Coles,M,8991904302,3589388981037171,jcb
29,Panchito,Ackred,M,4769335621,3581978401629538,jcb
30,Adelind,Caress,F,3873988468,3572321169711415,jcb
31,Britt,Alenichev,M,5523535854,4917672083334201,visa-electron
32,Faustine,Wittey,F,6774318897,6706935791966130288,laser
33,Shep,Sallowaye,M,9023544377,3557461182256318,jcb
34,Antonina,Moyle,F,8992560935,6334226755597767,solo
35,Christye,Oldale,F,5772751496,3538922674937206,jcb
36,Cart,Tomkys,M,9429647014,5100174676300826,mastercard
37,Dyna,Edgerton,F,2175469841,3583941389596424,jcb
38,Kearney,Thompsett,M,2078119103,3550215513636755,jcb
39,Randi,Melonby,F,3644485393,4508343278841195,visa-electron
40,Cleo,Lyfield,F,2757220045,3575854323812403,jcb
41,Shandeigh,Chrippes,F,2842902694,6771855927015373194,laser
42,Desiree,Plumm,F,2882100295,3581176997276109,jcb
43,Erv,Pickering,M,6834082258,676787310129112263,solo
44,Renae,Barthel,F,7094584684,3553248962367454,jcb
45,Randi,Kinkade,F,9592096780,670676531105295692,laser
46,Calv,Claxson,M,9298206368,501883908892595250,maestro
47,Octavia,Capon,F,4305026534,3547402312269204,jcb
48,Jedidiah,Streetley,M,5411391422,5002354967792738,mastercard
49,Robinson,Stains,M,7293172002,5002351333195190,mastercard
50,Bernie,Seal,M,3167094250,56022371407939371,china-unionpay
51,Revkah,Bruun,F,7593273587,3581018994940776,jcb
52,Timothee,Kirkup,M,9079620390,3563893293930757,jcb
53,Holli,Potten,F,8567918677,3557216142430993,jcb
54,Leo,Gout,M,5402401015,0604006545107851906,maestro
55,Jeffry,Kubis,M,2511851497,3573250253966453,jcb
56,Hynda,Rought,F,8627650748,3588288344900332,jcb
57,Tabbitha,Hanby,F,6226462492,3547428302365033,jcb
58,Bo,Reame,M,9195838816,3542693380340688,jcb
59,Kimberlee,Pilger,F,5487711505,3582213861819877,jcb
60,Gustave,Rillstone,M,6612989676,3531623021730594,jcb
61,Clarey,Toope,F,7032167987,5100147775183384,mastercard
62,Adelice,Shurlock,F,6137620036,3551413482975879,jcb
63,Hanni,Crispe,F,9406373738,3581249326450529,jcb
64,Lisetta,Izzett,F,1475326649,3532814413374468,jcb
65,Guenna,Stradling,F,4367186157,4917591537249023,visa-electron
66,Greta,Poge,F,6305908935,3582974720256250,jcb
67,Saxon,Burdell,M,9054776114,67596914216924986,maestro
68,Isaiah,Bonin,M,8928467582,5610186000616886,bankcard
69,Lucita,Greschik,F,8613052006,3555014382758260,jcb
70,Emmalynne,Sibbert,F,6122145478,3541806430998260,jcb
71,Adda,Handslip,F,7242519626,50207794687669667,maestro
72,Bartolomeo,Crut,M,8381931898,675955819936859633,switch
73,Tom,McCory,M,7671712077,6374965179281919,instapayment
74,Gerek,Boulter,M,6597018190,3546043550552579,jcb
75,Gris,Landrieu,M,5461598870,341056669600637,americanexpress
76,Harland,Scotney,M,2605272379,6376084369595894,instapayment
77,Myranda,McLarens,F,2852683542,6759476831484567894,maestro
78,Filippa,Bowcock,F,7727474869,67626091687521858,maestro
79,Karlan,Denge,M,2716748597,6371759908825689,instapayment
80,Stacee,Gritton,F,1882356744,5591192904079570,diners-club-us-ca
81,Erena,Edards,F,1135519416,3538763313699884,jcb
82,Colas,Duckit,M,8083084376,3582155740708690,jcb
83,Donica,Dubois,F,7794423280,3583452049603105,jcb
84,Berthe,Marston,F,9604521646,56022243275959254,china-unionpay
85,Roxana,Smitherham,F,6765219964,3537049684110300,jcb
86,Rodolph,Elgie,M,5172323347,201494514397852,diners-club-enroute
87,Olly,Costley,M,2635546341,30471017484087,diners-club-carte-blanche
88,Leoine,Joppich,F,9922098632,3572202983342993,jcb
89,Cory,Knevett,F,5234574990,676720975401877997,solo
90,Julita,Possell,F,8506664488,06046816995364538,maestro
91,Obidiah,McPeeters,M,3299680693,3541659548636623,jcb
92,Kordula,Bowfin,F,1929207033,3540003637920948,jcb
93,Oby,Garfoot,M,9419776431,3553797632755852,jcb
94,Pearl,Brockhurst,F,2418071644,3532609623249728,jcb
95,Barney,Stubbington,M,7209978377,4405062547329600,visa-electron
96,Felicia,Pender,F,7807715461,6304380629156189,maestro
97,Marylee,Oldridge,F,9436401550,3565059939602840,jcb
98,Shelagh,Luckings,F,1651778541,3561310793818368,jcb
99,Blair,Assante,F,7385201198,3589970337417775,jcb
100,Amelia,Thormann,F,3926165494,5536495047812726,mastercard
101,Calida,Wardlow,F,2126807337,5270731818879191,mastercard
102,Fern,Curragh,F,3312383475,493637211445142772,switch
103,Allard,Ogley,M,9343609359,3559238951552343,jcb
104,Yoshiko,Everest,F,4733779549,6761629459151611,maestro
105,Mollee,Tiley,F,9764490609,675941803975970581,switch
106,Ian,Bennitt,M,1085369408,3551735381279759,jcb
107,Josselyn,Duckhouse,F,6204597882,5602259375002104919,china-unionpay
108,Barbabas,Emm,M,8695911074,201442890564710,diners-club-enroute
109,Trula,Ashborn,F,2271105090,3542596432936108,jcb
110,Frasco,Leblanc,M,7236159898,5352855242531382,mastercard
111,Meggie,Shegog,F,4582419840,3542639371248802,jcb
112,Durant,Tregidga,M,9399964457,3562660914906354,jcb
113,Moira,Andrag,F,3762350414,4911694845239045225,switch
114,Foss,Davidovitch,M,4437453199,3561586352521127,jcb
115,Torey,Thorsby,M,1288844710,3564821679473307,jcb
116,Faina,Balffye,F,4791534118,3558137700587736,jcb
117,Farley,Litton,M,4941408013,56022588372239756,china-unionpay
118,Averell,Hammerson,M,4838560029,3587503510602673,jcb
119,Reinaldo,Gasgarth,M,3159166203,67067782355345523,laser
120,Joana,Quarless,F,5349453057,3572295985586682,jcb
121,Chase,Briddock,M,3552909305,6331106111418192,switch
122,Pail,Dyka,M,1994695920,3538724653100289,jcb
123,Dyan,Ansett,F,6702716766,4041590418430,visa
124,Kristan,Luby,F,4944403348,5519914322557328,diners-club-us-ca
125,Farris,Rodmell,M,1569126154,3565805613411969,jcb
126,Marquita,Bowhey,F,5736863335,3578801971354318,jcb
127,Brandy,Danielsky,M,5336872341,3583450597484217,jcb
128,Dianne,Morhall,F,2126705610,6767399106612666901,solo
129,Adela,Booley,F,9894001746,4508658265910426,visa-electron
130,Frannie,Brockett,M,3026240141,4903247920478255204,switch
131,Inga,Kinge,F,8988695993,3549857613009294,jcb
132,Nanice,Sessions,F,3197234634,3557799630551156,jcb
133,Whittaker,Fitzsimon,M,6591829745,3553586553223598,jcb
134,Gabe,O'Hartagan,M,8012354501,3579879642765921,jcb
135,Isak,Di Francecshi,M,3515157714,4936670117451497178,switch
136,Em,Kolakowski,F,9333801268,5007660967230247,mastercard
137,Gillan,Sowte,F,6951423162,50387281817271590,maestro
138,Barr,Prester,M,5824675130,3565707500686051,jcb
139,Urban,Bruyet,M,8137874032,4913214045356925,visa-electron
140,Antonella,Kitchingman,F,2351502475,6762302652913265,maestro
141,Tannie,Paulon,M,5042726141,4041595917378,visa
142,Orrin,Jorczyk,M,9904765988,3583930608256589,jcb
143,Franzen,Rojas,M,6635455455,4803396354832,visa
144,Shana,Bottrell,F,2095838621,3543871479185136,jcb
145,Blake,Butchart,M,5043165489,372301732554052,americanexpress
146,Hardy,Beurich,M,5738232848,4041373879582843,visa
147,Rustin,Vale,M,1706146060,56022506347687677,china-unionpay
148,Kirbie,Losano,F,3308774734,633423468472441704,solo
149,Gordan,McAw,M,6584762137,30255683664357,diners-club-carte-blanche
150,Ruggiero,Sked,M,9661411637,633315955998733946,switch
151,Darcee,Stoffersen,F,4137363646,3584301031688492,jcb
152,Petronilla,Densey,F,5799794824,3554399005855093,jcb
153,Aleda,Pepi,F,4093825817,3572872286428119,jcb
154,Abbe,Daout,F,3998248112,3582416212301244,jcb
155,Adina,Austins,F,4604368677,675914048967081095,maestro
156,Aleksandr,Bondy,M,1141365190,3577990046079470,jcb
157,Easter,Hairyes,F,4452356577,5108752057028181,mastercard
158,Jamill,Shard,M,1941225777,3561897133389365,jcb
159,Margy,De Carlo,F,9611156800,6763994895484333,maestro
160,Francklin,Forsaith,M,1197457358,3580594292170234,jcb
161,Drusi,Kornilyev,F,8622248424,4175005485604722,visa-electron
162,Josh,Cordier,M,6694558655,4017956353338,visa
163,Davey,Hockey,M,5904630766,3578085933710490,jcb
164,Ingamar,Kaspar,M,4863376492,201911760695788,diners-club-enroute
165,Randi,Fantonetti,M,8662993237,4913677754554809,visa-electron
166,Melina,Pauer,F,4396304675,3529321536062488,jcb
167,Patricio,Dainton,M,9212745268,6759954756044317,switch
168,Isis,Danhel,F,2068585689,3581246011901279,jcb
169,Helene,MacTrusty,F,9738987382,201852951297457,diners-club-enroute
170,Bettina,Buckwell,F,3952268641,3574229922308577,jcb
171,Lacy,Watkiss,F,5882092854,5108750363505900,mastercard
172,Diane,Ruddoch,F,3386310739,3554690413135171,jcb
173,Elisa,Thrift,F,4154360935,3552412928663189,jcb
174,Agnes,Benian,F,6351550428,3568963974407709,jcb
175,Jo ann,Frenzl,F,7405868917,343650606921284,americanexpress
176,Kerrin,Tyzack,F,5525843525,3556252571378834,jcb
177,Shell,Parsons,M,5055366267,3569739000296145,jcb
178,Andee,Foxton,F,5927730630,3557153473300422,jcb
179,Madelon,Colcomb,F,8292338905,3568579277913688,jcb
180,Lammond,Blew,M,2189896602,6762303054909737,maestro
181,Moria,Lafflin,F,4726639848,56100666676652208,china-unionpay
182,Angeli,Hansod,M,6838680442,3533450416041611,jcb
183,Amby,Whitehorne,M,9867131242,3556565676330875,jcb
184,Lennie,Dimeloe,M,5891524643,3533720700311015,jcb
185,Vannie,Fosbraey,F,5149255322,36379771884315,diners-club-international
186,Rani,Saxby,F,3911745525,201889594878152,diners-club-enroute
187,Albertine,Guarnier,F,3981313994,6767210758132684868,solo
188,Claybourne,Sawtell,M,4764099986,3567306298689134,jcb
189,Kaile,MacLaughlin,F,1311578020,3555694584777026,jcb
190,Grayce,Owenson,F,8343611531,6759101602778942272,switch
191,Aeriel,Peers,F,7959335376,5452867712734064,diners-club-us-ca
192,George,Jagoe,F,4263567910,5610251622706794,china-unionpay
193,Annette,Phillput,F,9302322291,3541081635014111,jcb
194,Cathee,Mustard,F,6564019379,5433469426167121,diners-club-us-ca
195,Derrik,Askie,M,5385119363,5220402356088949,mastercard
196,Aubrie,Nunnery,F,8932604512,3532373771411776,jcb
197,Stacee,Robertis,F,9928350541,5610501190340180,bankcard
198,Vail,Purnell,M,8632742940,4903420434542197,switch
199,Gwenette,Phare,F,2028348962,5007663185007934,mastercard
200,Harris,Leopard,M,8255183558,3572253926579357,jcb
201,Monro,Muress,M,6572393831,3564668770544035,jcb
202,Bastian,Pettegree,M,2803756114,3578891039553076,jcb
203,Reinaldo,Potter,M,4018539179,4041378171760054,visa
204,Vitia,de Pinna,F,6803367190,4508873917821125,visa-electron
205,Nerissa,Stollenbecker,F,3281593624,4917141336035452,visa-electron
206,Rabi,Amorts,M,4381769059,56022492705163603,china-unionpay
207,Clementia,Bohey,F,7229571129,30234238486012,diners-club-carte-blanche
208,Durand,Shout,M,1273170328,3575223348263556,jcb
209,Dolorita,Hansod,F,7594456030,5108757094258600,mastercard
210,Gwendolen,Bromidge,F,5856903183,4936364234384023,switch
211,Kalle,Ortet,M,2588105113,3580966158600787,jcb
212,Jamie,Brommage,M,8627345036,3529444835804796,jcb
213,Vite,Bresnahan,M,1128660096,3529052974993757,jcb
214,Gus,Anshell,F,7831345931,3546490058920057,jcb
215,Tori,Romeo,F,8498974125,30174957373845,diners-club-carte-blanche
216,Larine,Derks,F,9824576903,3537567466031774,jcb
217,Burnaby,Shemwell,M,2037700840,5602256925799701,bankcard
218,Grenville,Reader,M,9196970513,370045232024387,americanexpress
219,Clifford,Tidbury,M,5447756531,5010126100596907,mastercard
220,Angelle,Crole,F,7564084930,3562845693057863,jcb
221,Trevar,Bernadon,M,8403407732,3529181496657358,jcb
222,Winifield,Terne,M,6145266319,3568940151839219,jcb
223,Pieter,Pidler,M,7779438483,5602232149657660,bankcard
224,Dacia,Brandenberg,F,3244830982,4917380694774498,visa-electron
225,Jody,Calladine,F,6361162607,3575315921213998,jcb
226,Brinna,Pash,F,1315216460,3556716097412731,jcb
227,Gerhardt,Ventum,M,9937024651,3575357996574789,jcb
228,Helena,Lacy,F,8281833931,3541721348482192,jcb
229,Ashlan,Cole,F,7789286669,6331108827842173502,switch
230,Lorene,Breton,F,3443206553,3548796239213453,jcb
231,Ulrike,McAreavey,F,1363158516,343479366916213,americanexpress
232,Brander,Raimbauld,M,5048936047,3562098367965058,jcb
233,Charita,Sex,F,4298098164,201475327550332,diners-club-enroute
234,Georgeta,Loade,F,8321240806,346321611606487,americanexpress
235,Ezechiel,Laterza,M,4361311398,4508428163014394,visa-electron
236,Leonardo,Tower,M,7151901246,201879746346687,diners-club-enroute
237,Otes,Scholcroft,M,6512289514,3556303739436194,jcb
238,Corey,Strognell,F,4303703077,560221825724070400,china-unionpay
239,Madelena,Dougan,F,5657515285,5234517919385070,mastercard
240,Kaitlynn,Delhay,F,1471172653,4913282119402503,visa-electron
241,Ericka,Benck,F,8902143137,3545985898700701,jcb
242,Rip,Cheake,M,3227255915,5111760126809270,mastercard
243,Robbie,Cosyns,M,2048101589,3588649820862249,jcb
244,Ginger,Shirtliff,M,3899191975,4936295028794862,switch
245,Elvina,Stiller,F,9131178765,3543623640193972,jcb
246,Kym,Gledstane,F,5337396802,060457532072786613,maestro
247,Emmott,Kobera,M,4882594815,3533434327026671,jcb
248,Georgena,Croad,F,8365198406,201901931746388,diners-club-enroute
249,Heriberto,Abrahamovitz,M,4151247748,6762504696701550308,maestro
250,Don,Vowles,M,4822284168,201410811402054,diners-club-enroute
251,Sylas,Keattch,M,8161110493,633472640300834587,solo
252,Christoffer,Piggott,M,1664793499,374288914152359,americanexpress
253,Harrie,Grigsby,F,7129419314,5602247425798905,china-unionpay
254,Mychal,Pickwell,M,3562023359,560221707578290633,china-unionpay
255,Karlene,Newberry,F,2222382717,3585034605583562,jcb
256,Mag,Jan,F,6928997078,6304150817984352984,laser
257,Cybil,Dondon,F,8206462813,5602234581357676,china-unionpay
258,Zed,Bowell,M,3689059015,4903996106591091,switch
259,Devora,Wikey,F,5224182787,3559067466078597,jcb
260,Evelyn,Robel,F,7456006388,3581685073622424,jcb
261,Letitia,Senner,F,1338630430,4405933530063036,visa-electron
262,Prentiss,Plenderleith,M,8128104537,5007667528870064,mastercard
263,Leigh,Winsborrow,F,1775300499,3577665757808818,jcb
264,Seline,Abell,F,9092102955,4917880913663570,visa-electron
265,Jeffry,Gaskell,M,8365402653,5552688773738979,mastercard
266,Robbi,Collecott,F,5181727993,342973093445364,americanexpress
267,Glenda,Swepstone,F,1374692200,3565114984510610,jcb
268,Filide,Talbot,F,2005584460,6304411870947842,maestro
269,Hildagard,Highman,F,5601107043,4041590466223,visa
270,Wilma,Frankel,F,8614549222,3589206333867204,jcb
271,Gino,Rodinger,M,8009616123,3554430280138838,jcb
272,Roldan,Mellmer,M,2487259504,3533159024360632,jcb
273,Tomkin,Harry,M,6006088000,3545420154906529,jcb
274,Marlon,Sandall,M,6643801558,3589837792289298,jcb
275,Craggie,Beswetherick,M,7913144246,3544590317712831,jcb
276,Dave,Yate,M,4616501125,3557937246621613,jcb
277,Seumas,Gregoretti,M,6965414456,3554322456772260,jcb
278,Worthy,Woolner,M,2469977765,67637133101120870,maestro
279,Cesya,Sinderson,F,9112043767,3528566625912263,jcb
280,Amara,Caizley,F,5902087217,6763343329294336868,maestro
281,Lind,Smitham,M,2373492689,3567742167165832,jcb
282,Gisella,Benyon,F,9678847975,3578229246505953,jcb
283,Eddi,Kment,F,3565053739,30186040055940,diners-club-carte-blanche
284,Dannye,Drysdale,F,9102505893,5595366339734043,mastercard
285,Annetta,Stockall,F,1982785702,3561033681002461,jcb
286,Nike,Fealty,F,6307689953,3551689656781579,jcb
287,Bruce,Malamore,M,7281485110,0604408884960993,maestro
288,Teodoor,Schreurs,M,3035412657,676724595919714486,solo
289,Ransell,Pearch,M,4464237127,5602225254586328,bankcard
290,Natal,Shipcott,M,4327283988,30252628657315,diners-club-carte-blanche
291,Horst,Yurlov,M,2713186335,5468457890370857,mastercard
292,Eula,Ellcome,F,2445664100,201929322346849,diners-club-enroute
293,Leonore,Dury,F,1124573590,3573680282688712,jcb
294,Halley,Buckthought,F,7091289955,4041598499648,visa
295,Ernst,Boother,M,4298933966,30586509191310,diners-club-carte-blanche
296,Sholom,Ramsell,M,2138362938,4844420346288956,visa-electron
297,Delora,Farguhar,F,5188729328,3585505000005590,jcb
298,Shea,Ever,F,8613082497,5602248741652419937,china-unionpay
299,Che,Mealing,M,5325964702,493666756656677878,switch
300,Launce,Durtnall,M,2052689537,5602219138823619,bankcard
301,Kane,Ansley,M,3949840201,4041371408077921,visa
302,Waring,Whyke,M,8382574839,30381820188801,diners-club-carte-blanche
303,Davin,Goodlife,M,6675425715,372301670676149,americanexpress
304,Abby,Dudlestone,F,6012614904,6759742139772012492,switch
305,Lissy,Raeburn,F,3591223601,337941121884307,americanexpress
306,Corby,Maxfield,M,5588899588,3559853965156848,jcb
307,Cad,Andreacci,M,4584843894,5320997832415292,mastercard
308,Rycca,Elesander,F,9659303421,3544372870484326,jcb
309,Clarice,Beefon,F,4751244934,5602225183705924,bankcard
310,Duky,Brogiotti,M,3512234056,3545672391212976,jcb
311,Arlan,Staning,M,5313184584,56022235282524642,china-unionpay
312,Corbie,Joubert,M,5676277116,5312421680806809,mastercard
313,Samara,Cartmael,F,4387387258,5602217562363383,china-unionpay
314,Jacinda,Restorick,F,8342427781,374622264989764,americanexpress
315,Tammy,Klimpt,F,4877582850,201631183775708,diners-club-enroute
316,Reuben,McDonell,M,4388531756,5641821579944804745,switch
317,Andy,Clues,M,8318879063,4041374101162263,visa
318,Moritz,McLenahan,M,6112903316,4917272908500480,visa-electron
319,Geoffry,Heintzsch,M,2446397185,5018964136926298,maestro
320,Orrin,McGurn,M,2242947857,4026812855802476,visa-electron
321,Cymbre,MacMarcuis,F,5677834154,3543200343505313,jcb
322,Rolph,Franzen,M,1107510797,3587729956537111,jcb
323,Piggy,Burling,M,8851083257,3589214688967991,jcb
324,Eileen,Krysztowczyk,F,1653845567,5007663730879399,mastercard
325,Petr,Sheirlaw,M,6039645379,6334349604963953779,solo
326,Rolf,Zaniolini,M,1871141856,3555256024947245,jcb
327,Vergil,Lawtey,M,6733478661,3588074967796276,jcb
328,Augusta,Pool,F,1437768944,63046726882461225,laser
329,Nadean,Gromley,F,5433031325,201961484369608,diners-club-enroute
330,Vincent,Lehemann,M,1068828094,5602229483392458,china-unionpay
331,Isa,Oxteby,F,1624710650,5150659194729281,mastercard
332,Janith,Napolione,F,9969028024,060474665988255775,maestro
333,Lidia,Lyokhin,F,8026143107,3528121934306995,jcb
334,Anna-maria,Dunthorn,F,5984583926,67637344597705500,maestro
335,Fredia,Soane,F,8749109171,3541716591838470,jcb
336,Giorgia,Inchbald,F,2099469872,6398621248424541,instapayment
337,Kyla,Haselhurst,F,1986949726,5007660822689355,mastercard
338,Gothart,Quarlis,M,3416350298,5610356915827322694,china-unionpay
339,Ruprecht,Vasey,M,8607609255,30312255474374,diners-club-carte-blanche
340,Fredra,Dryburgh,F,7779142834,3529794424429276,jcb
341,Babb,Postlethwaite,F,5931824121,3584308783379097,jcb
342,Kalvin,Errowe,M,4788700154,3564169807699579,jcb
343,Tudor,McGavigan,M,7579371283,3535719881297496,jcb
344,Armand,Lyddy,M,6161339108,3570444501168631,jcb
345,Kip,Keune,M,2327435703,374622856238794,americanexpress
346,Adan,Frostdicke,F,3153172456,343225960830700,americanexpress
347,Byran,Romain,M,2686655023,3577461115771447,jcb
348,Killie,Priestnall,M,3984108491,3528021636751896,jcb
349,Hazel,Beart,M,7507217265,348211533516765,americanexpress
350,Lars,Newsome,M,7483814540,3551681355544531,jcb
351,Raphaela,Staynes,F,8439258017,630407354766170074,maestro
352,Jeanne,Goggen,F,5108932349,3543040115102935,jcb
353,Conant,Lanbertoni,M,7354334227,6334143503920334,solo
354,Romonda,Tythacott,F,7356158665,4405969195946818,visa-electron
355,Cassius,Shiers,M,7649120579,5100148585076230,mastercard
356,Evanne,Billingham,F,3627051601,5602210175051503,bankcard
357,Orella,Wanka,F,4573451699,630424913609892191,maestro
358,Yalonda,MacShirie,F,9111073718,6304787531284844,laser
359,Edsel,O'Brogane,M,3363427611,3568795369897155,jcb
360,Pattie,MacAleese,F,3524819095,201795206081533,diners-club-enroute
361,Caz,Toft,M,3714000896,4026729266681085,visa-electron
362,Sutherlan,Errichi,M,7764454701,6759199568480144304,switch
363,Tricia,Farrington,F,5568095378,3552012458767820,jcb
364,Durand,Woolnough,M,2181730497,3539057890456365,jcb
365,Zelma,Preskett,F,1935448785,5002353628516015,mastercard
366,Frazer,Fairbairn,M,2686764601,56022273501921950,china-unionpay
367,Celesta,Fydoe,F,7248395896,4903748652353701,switch
368,Jerrome,Boyde,M,3717586065,3538745242394737,jcb
369,Leonore,Whibley,F,8503203317,5108753154055317,mastercard
370,Aime,Goodboddy,F,1622733757,3547502506410181,jcb
371,Romona,Misk,F,5369144882,5580202071040843,mastercard
372,Neely,Cheetham,F,9819985157,3553009720975008,jcb
373,Haily,Erratt,F,7038952763,5602255559615274,bankcard
374,Briney,Garron,F,6789822299,5602211084228125,bankcard
375,Zebedee,Castellone,M,4239806360,589395256120154805,maestro
376,Nate,Wathen,M,2152490848,50185715087262478,maestro
377,Janenna,Antonoczyk,F,1812732237,3584041839186196,jcb
378,Domenico,Aartsen,M,4159718330,4041372884924,visa
379,Davin,Hambrook,M,8257765492,30505814658813,diners-club-carte-blanche
380,Paton,Lissandri,M,3216423275,3557651703462375,jcb
381,Desmond,Detloff,M,6016902597,5100136621984087,mastercard
382,Alfy,Chittem,M,3582331243,30535518253140,diners-club-carte-blanche
383,Jennette,Fairman,F,6637571741,670613197830429331,laser
384,Tiphani,Dash,F,6836652919,3530806645855159,jcb
385,Raoul,Trunby,M,1981476258,564182275051834912,switch
386,Tabbatha,Johnikin,F,4128025976,5610458416268374,bankcard
387,Eddy,Schistl,F,9706893860,3569696309430967,jcb
388,Curtis,Elcombe,M,6917753037,201991317840780,diners-club-enroute
389,Kenton,Ganniclifft,M,9936459773,3584706626635262,jcb
390,Marice,Wildbore,F,5482423570,3580315822765305,jcb
391,Beverlie,Caukill,F,9525068849,3588905346967940,jcb
392,Clementius,O'Rodane,M,7989411009,3581858371140759,jcb
393,Kenny,Ousley,M,1689028804,560222892734940351,china-unionpay
394,Noami,Sunnucks,F,8441090993,4936279475856812,switch
395,Cherye,Ten Broek,F,9675646473,5010127998738007,mastercard
396,Ailbert,Askell,M,4381098553,5018345774071627856,maestro
397,Kaila,Shuard,F,2422924176,4405430345276721,visa-electron
398,Trudey,Orrobin,F,9874906472,3577098341135128,jcb
399,Lefty,Crispin,M,2127039395,3574539099815349,jcb
400,Kristoffer,McMeekin,M,3839355404,3550942870247146,jcb
401,Jacklyn,Brigstock,F,3138397215,30356724823075,diners-club-carte-blanche
402,Byrom,Kobelt,M,6729104416,3567276992291802,jcb
403,Donovan,Stodd,M,7094993764,3581719248086940,jcb
404,Mata,Staff,M,7243932356,3548263534354714,jcb
405,Nathanil,Barns,M,9218421791,3537171845396196,jcb
406,Rockwell,McKeggie,M,3456760658,6761829632043277,maestro
407,Michaella,Dendle,F,1526302094,3535068685217452,jcb
408,Cordula,Cullip,F,7096859934,3542286914356922,jcb
409,Fidela,Flippini,F,3081881109,3583599868212374,jcb
410,Valentia,Meeks,F,2926146574,201539426576991,diners-club-enroute
411,Jaymee,Regis,F,1965014102,56022227659122951,china-unionpay
412,Beniamino,O'Connolly,M,4204668613,5498164233066598,mastercard
413,Allsun,Uden,F,9839856878,4508484411063840,visa-electron
414,Margi,Van Merwe,F,6584727687,4913458562555837,visa-electron
415,Sheeree,Janes,F,6909883869,4913402205993013,visa-electron
416,Tull,Broxis,M,6141867489,201940543853828,diners-club-enroute
417,Jayme,Sturzaker,M,3102383872,4905670809293952,switch
418,Gaynor,Eyton,F,3249008489,4917631879825269,visa-electron
419,Tynan,Fonte,M,6327674538,376223680715327,americanexpress
420,Alejandrina,Blowick,F,8364671937,3542423891631726,jcb
421,Bondy,McKeowon,M,7601853686,3563297099853769,jcb
422,Verne,Terrell,M,7539011250,3577718725429256,jcb
423,Irvine,Dabourne,M,7447044032,3555870186685607,jcb
424,Stafford,Bertlin,M,8182793930,5100177242773798,mastercard
425,Birgit,McCleary,F,6541136357,3541289590743133,jcb
426,Sid,Sparling,M,7751569009,5573729966405573,diners-club-us-ca
427,Horatio,Fassman,M,2103138831,4480569507334592,visa
428,Brooks,Millett,F,2497529868,3531151726314324,jcb
429,Lucio,Nanuccioi,M,7989354184,3573403356906138,jcb
430,Rozanne,Pennicott,F,7319147609,63046984540261467,maestro
431,Anjanette,Kerswill,F,4602675312,3562573524915667,jcb
432,Marlie,Gleadle,F,5098271364,560222089069245890,china-unionpay
433,Kile,Glanville,M,6902795584,4041594099178,visa
434,Artemis,Barnby,M,8213670671,5602252322454167298,china-unionpay
435,Chevy,Cassella,M,9219540458,491106544304931000,switch
436,Davin,Goodread,M,8968610417,3566265501151970,jcb
437,Gianna,Briskey,F,8497961525,3551350766438465,jcb
438,Nicol,Lafranconi,M,2097848446,30472304065928,diners-club-carte-blanche
439,Antoni,Tunn,M,7224150845,5602250775728449,bankcard
440,Dominick,Metcalfe,M,3018819146,5602248352518514,bankcard
441,Marabel,Mahody,F,2984888537,5589178779963059,diners-club-us-ca
442,Suki,Irwin,F,8596007190,491171911097304937,switch
443,Shelby,Groven,M,2081454774,3550405460344889,jcb
444,Tobe,Zotto,F,1246254957,4508845229528952,visa-electron
445,Tallia,Jellybrand,F,5893655937,3570400034866349,jcb
446,Micky,Callinan,M,1167257512,3563810792332038,jcb
447,Lyndsay,Dybald,F,7748869419,3570371215254391,jcb
448,Meg,Le Frank,F,1857753456,374288714988648,americanexpress
449,Sherwin,Sibborn,M,5328287874,6394045430372694,instapayment
450,Maurizio,Pllu,M,9415350296,5602249103000341371,china-unionpay
451,Valina,Jaques,F,1903137686,374283264423054,americanexpress
452,Julianna,Skegg,F,4508596932,3566461834824157,jcb
453,Roldan,Cudd,M,9149370630,201598776691487,diners-club-enroute
454,Simone,Smorthit,F,4397692652,4911842112621391316,switch
455,Clerc,Brittian,M,9567366109,201652876569992,diners-club-enroute
456,Elga,Wilmington,F,6247424466,3529787436481244,jcb
457,Rosalinda,Maltster,F,5885307473,3576837671264979,jcb
458,Osbert,Kinworthy,M,2897643523,5434089731451009,diners-club-us-ca
459,Sibella,Fawcitt,F,5837397634,372919981494553,americanexpress
460,Britt,Noore,M,6266971502,3577133565251226,jcb
461,Gabriele,Scothron,M,8844071307,3586805008696302,jcb
462,Dal,Buscher,M,3859347873,201924603293703,diners-club-enroute
463,Branden,Martensen,M,1677808324,3543021854478546,jcb
464,Con,Goretti,M,4371834358,201709565342238,diners-club-enroute
465,Mahmoud,Hancke,M,9722373577,3543990130812423,jcb
466,Tristan,Livezley,M,8008427966,5100136945370666,mastercard
467,Chloris,Pringell,F,9173209428,3534223185744262,jcb
468,Angie,Hands,F,8274083743,3559727795150504,jcb
469,Dud,Severn,M,2435860241,4936150889270166692,switch
470,Tiebold,Beadles,M,3386584770,3545199010247373,jcb
471,Darell,Sweatland,F,3627930461,3555592499446010,jcb
472,Davon,Faye,M,7648691533,5602259810495732,china-unionpay
473,Veradis,Spofforth,F,2543902196,5258275143210140,mastercard
474,Willow,Gethins,F,6004262606,201571170277781,diners-club-enroute
475,Kiley,Tompion,F,6904260602,30262335320503,diners-club-carte-blanche
476,Carlye,Gaspard,F,1083755314,3556954981993884,jcb
477,Alvis,O'Kane,M,9851188515,3575195753693081,jcb
478,Tedmund,Fassmann,M,1362123102,4415907664953,visa
479,Gustavo,Trobridge,M,8374117287,5304239935174900,mastercard
480,Hewett,Calfe,M,6239093654,3576615451366945,jcb
481,Noelle,Tilling,F,3941255337,3537962170290024,jcb
482,Hedvig,Horburgh,F,7735242459,3575686229816884,jcb
483,Myrtie,Cohn,F,2176926870,3543960039941524,jcb
484,Gonzales,Habishaw,M,7873729929,6389788504920529,instapayment
485,Rog,Djorevic,M,8952880695,3580114081663842,jcb
486,Angeline,Remmer,F,6642198608,3553783444197335,jcb
487,Yvon,Thomassen,M,4002559441,3585870402955853,jcb
488,Kylen,Wraggs,F,2372850537,3585599562045912,jcb
489,Daniella,Finneran,F,3446549103,3573821978866622,jcb
490,Zechariah,Venning,M,2913477141,3581831748453270,jcb
491,Luelle,Pattrick,F,6784444079,3535546216686667,jcb
492,Woody,Keay,M,9357341205,30036138687478,diners-club-carte-blanche
493,Alma,Chess,F,8593409840,5100134560187820,mastercard
494,Niccolo,Mohun,M,5666091388,3534385050520174,jcb
495,Sholom,Polin,M,5081567744,3532606032202124,jcb
496,Paloma,Harbin,F,1463682662,3548641072366960,jcb
497,Sebastian,Dehm,M,8219786307,3564255040250237,jcb
498,Jule,Vigrass,M,4575233071,5100143226628192,mastercard
499,Kass,Snoddy,F,1159802840,676355535907014081,maestro
500,Nev,Giraldez,M,6651180455,67598278485576523,maestro
501,Carie,Jirusek,F,7975678725,3570164919564763,jcb
502,Milly,Bason,F,8949031604,3533802085257011,jcb
503,Dorry,Broinlich,F,1219179882,6334957278028670,solo
504,Nicki,Mourant,F,5207048241,3548434790914661,jcb
505,Ceil,Laimable,F,9194838852,4034646407176,visa
506,Bondie,Hoofe,M,9212996448,5570753881430998,diners-club-us-ca
507,Rora,Bugg,F,8547648741,201734978328350,diners-club-enroute
508,Jodie,Vitler,M,7837930288,3550843238126974,jcb
509,Fonsie,Orum,M,5213532709,560222724419432869,china-unionpay
510,Kevin,Fidge,M,8242950530,676394942563608144,maestro
511,Ingar,Rosingdall,M,8389302587,5100172011280968,mastercard
512,Shaina,Dodson,F,5745573638,4917605800426165,visa-electron
513,Becca,Chable,F,9525407678,5602241236021953,bankcard
514,Carolin,Kaufman,F,8104091517,5602221781272466,bankcard
515,Benji,Brothwood,M,1605457871,5594064925436450,mastercard
516,Fidel,Prover,M,5821929063,5602218036161386594,china-unionpay
517,Myrtia,Collaton,F,7109714828,3557139991086635,jcb
518,Heather,Ivanyutin,F,5689099694,589386339834165373,maestro
519,Modestia,MacMenamie,F,8888430602,3552346030833431,jcb
520,Elsbeth,Guislin,F,2095410288,3532603069283564,jcb
521,Stern,Kienl,M,4792714834,3548576929520619,jcb
522,Zed,Mitrikhin,M,8737986461,4405903468129331,visa-electron
523,Lindy,Emlin,F,6486161007,4017950340240,visa
524,Lyn,Margaret,M,1052877703,3560725302048309,jcb
525,Fee,Whicher,M,1417669602,5020404302694499620,maestro
526,Lindon,Bewlay,M,4981612910,3566161530145903,jcb
527,Maryjane,Haithwaite,F,7251552743,3542093832161784,jcb
528,Kare,Rawdales,F,6855677022,337941975588509,americanexpress
529,Giraud,Craddy,M,2532691302,3550396565642477,jcb
530,Yalonda,Dewing,F,7188475540,30184832404517,diners-club-carte-blanche
531,Felisha,Dougliss,F,7459177747,3542809218827916,jcb
532,Jaye,Plaid,M,1735573796,4911271047500720,switch
533,Adaline,Colegrove,F,6245821703,201464505182811,diners-club-enroute
534,Gratia,Fobidge,F,5761311814,670644481204769461,laser
535,Jaye,Lasty,M,9513443374,3534637636154781,jcb
536,Lacie,Duckit,F,6478801406,5100136748995065,mastercard
537,Caryl,Portt,M,7464452367,5018765427646937,maestro
538,Felicle,Clinch,F,7798599748,3552602872574883,jcb
539,Miner,Simkovitz,M,8994209171,3575683411643218,jcb
540,Elliot,Nevitt,M,7197848488,3583095006602493,jcb
541,Gran,Whichelow,M,5986910846,3582410398879883,jcb
542,Hyman,McGarrahan,M,9311797919,3578469036110826,jcb
543,Garrek,Brownell,M,1198219604,3541000986365443,jcb
544,Billie,Duchasteau,M,2521701881,6771319664462510,laser
545,Carleton,Thresh,M,3668580659,4913157355721917,visa-electron
546,Park,Worrell,M,5672116255,3587672432267087,jcb
547,Bethina,Raywood,F,1415358917,4508041112171197,visa-electron
548,Ward,Leeb,M,4837931638,36357353869771,diners-club-international
549,Karisa,Drinkel,F,7934092909,5602244229478842,china-unionpay
550,Ilaire,Pearton,M,2929684016,3574330824408620,jcb
551,Claresta,Jewett,F,4905017253,56022109491682501,china-unionpay
552,Basilius,Battershall,M,1098103116,201595335037038,diners-club-enroute
553,Wylma,Lohering,F,3794949112,201686885436686,diners-club-enroute
554,Danica,Pablos,F,9101271301,3579407758145082,jcb
555,Casandra,Toby,F,1248039263,4175009386007183,visa-electron
556,Tiertza,Beatens,F,6467954321,3579365647820762,jcb
557,Gabie,Karleman,F,5861281879,4041374121150,visa
558,Cherise,Wagstaffe,F,5771783369,30280329911970,diners-club-carte-blanche
559,Pavlov,Strutz,M,9864927773,5002353058964172,mastercard
560,Balduin,Patey,M,9179751097,3567052791687197,jcb
561,Dew,Kerman,M,1215613299,3572614196166698,jcb
562,Christian,Bohlmann,M,2039738269,3570874108017486,jcb
563,Becky,Seydlitz,F,2459995364,5602227927473553,bankcard
564,Fredia,Ullyatt,F,4694954373,372301939930360,americanexpress
565,Marina,Muggleston,F,6428178928,3539516322997718,jcb
566,Claudette,Beecham,F,2067449306,67095071489691176,laser
567,Gaby,Pickston,M,8768766977,4017950619064,visa
568,Scotti,Clopton,M,5247626190,3534377022148986,jcb
569,Chane,Tungay,M,9044716600,56022428560694324,china-unionpay
570,Frazer,Jochen,M,6172532509,4508139952211279,visa-electron
571,Remus,Gumbrell,M,3363246827,676291549859055775,maestro
572,Samson,Kaufman,M,4877969588,5484388931196748,mastercard
573,Joyce,Petchell,F,7261837130,5048372834625341,mastercard
574,Sibylle,Lilloe,F,9149937851,3587288167558176,jcb
575,Randolf,Gonnet,M,5045969492,3582397934421579,jcb
576,Axe,Melmoth,M,5999972334,5007661443195848,mastercard
577,Keane,Sommersett,M,9452279548,3529887942620507,jcb
578,Kriste,Boyan,F,5919691972,6759023578268308270,maestro
579,Alaine,Axworthy,F,2679467495,30560457408067,diners-club-carte-blanche
580,Linet,Martensen,F,1006457331,67592578957781691,maestro
581,Afton,Forsdike,F,4585286084,3557785581258297,jcb
582,Merissa,Runham,F,8988589004,5200953489745155,mastercard
583,Nelle,Philippet,F,1324017909,4405720926817863,visa-electron
584,Valentijn,Aggio,M,9546038794,3553331277749457,jcb
585,Tracey,Whiting,M,8883029805,633401727224722125,solo
586,Ashien,Preddle,F,8482881648,4041590367401166,visa
587,Eddie,Quayle,F,4828009652,56022139788688168,china-unionpay
588,Tedie,Clendening,M,3023210806,5100144831749597,mastercard
589,Killie,Cahalan,M,9456173243,50383881389276309,maestro
590,Wendel,Leach,M,2239279019,3536890415914580,jcb
591,Idalina,Wagner,F,3662406891,5100173652545909,mastercard
592,Caleb,Matijevic,M,6148067763,4936216279496494,switch
593,Ronna,Ewebank,F,7897245910,3569005151031123,jcb
594,Anni,McIlvaney,F,6073648003,3564293217189482,jcb
595,Euell,O'Teague,M,2061466464,63043546634354194,laser
596,Sidonnie,Matzaitis,F,8526280470,201774399642062,diners-club-enroute
597,Sephira,Rennicks,F,9935522203,3583920976424893,jcb
598,Noll,Thormwell,M,7804775865,6767737228164960366,solo
599,Hewitt,Panketh,M,9878520502,5569635269507088,mastercard
600,Almeria,Helmke,F,4773705528,6372333314113681,instapayment
601,Derby,Goodyear,M,9665233304,3572528394502399,jcb
602,Emiline,Pennings,F,1795210799,6331103042910901785,switch
603,Ezechiel,Huggens,M,7228393657,3573743549073159,jcb
604,Zenia,Kaplan,F,8663665560,4844058031661416,visa-electron
605,Saraann,Tythacott,F,7882513648,6331100893376507372,switch
606,Lucas,Akister,M,9579668247,5602258400132044,china-unionpay
607,Jimmy,Considine,M,8749455171,5100132098415754,mastercard
608,Cherice,Burlingham,F,4601399882,337941023000408,americanexpress
609,Ruth,Lindermann,F,4844246140,3578856774058144,jcb
610,Creight,Paniman,M,8361676610,3547152173469472,jcb
611,Royall,Poncet,M,9524964048,3572784283464361,jcb
612,Godiva,Shortall,F,6699986144,6759357969581281060,maestro
613,Valery,Yeend,F,2159974131,376111932423115,americanexpress
614,Constantine,Surcomb,F,2885710123,676280330197326605,maestro
615,Alan,Sambiedge,M,9712580460,30560243598791,diners-club-carte-blanche
616,Thomas,Winkless,M,1813640404,4905279751735531079,switch
617,Prent,Yarnley,M,8885204339,675991977216379544,switch
618,Alexio,Conerding,M,4911920115,5100174398191487,mastercard
619,Giana,Hillaby,F,7202415182,3582110297622471,jcb
620,Hendrick,Karolczyk,M,1081365882,3558528205040850,jcb
621,Rickard,Dmiterko,M,6777196546,3588615198244401,jcb
622,Reuven,Garrood,M,4337872637,3540799660353648,jcb
623,Melissa,Pepi,F,3823044982,4405495904107757,visa-electron
624,Eveleen,Dayly,F,7139981968,3568009433454856,jcb
625,Ramona,Kendrick,F,1017029146,3549080694318837,jcb
626,Armand,Blogg,M,3615252887,201583460664123,diners-club-enroute
627,Domini,Mainston,F,3793722227,3532077481799871,jcb
628,Wendie,Sandbrook,F,8225635198,5480795336015626,mastercard
629,Morgen,Medina,F,7628469792,6333459087887108,switch
630,Quentin,Alcott,M,4155345189,372301270689443,americanexpress
631,Cheryl,Beranek,F,7669897911,3583246268732813,jcb
632,Vern,Dominey,M,2191789419,6759205052485310,maestro
633,Morgan,Yeardsley,F,7433897196,3578816588374350,jcb
634,Dorotea,Shrimpling,F,9272208337,3529287234963030,jcb
635,Inger,Cerith,M,2608746507,3533925412186221,jcb
636,Ernesto,MacDuffie,M,4868083820,3532466400018838,jcb
637,Grazia,Cleyne,F,7136347580,6395079562000731,instapayment
638,Ruthie,Proven,F,5384954614,344896888761216,americanexpress
639,Ludovico,McBride,M,4729065017,676162033515715995,maestro
640,Stephannie,Nolan,F,9745143328,5002350245162215,mastercard
641,Delmor,Spata,M,8774106532,3530857839624869,jcb
642,Joyan,de la Valette Parisot,F,8685334514,3560994041202649,jcb
643,Grady,O'Lennane,M,6131141961,201429331711448,diners-club-enroute
644,Thorny,Hadrill,M,6304864028,3567608688386738,jcb
645,Sauncho,Gyles,M,8903410745,5602213832371280,bankcard
646,Myles,Vanstone,M,7838593165,3533542962892429,jcb
647,Gabby,Hedditch,M,6147925961,3556706743923215,jcb
648,Lucais,Oakley,M,3932726912,3555241814391176,jcb
649,Jeffry,Franzoli,M,3399952046,3589654836259140,jcb
650,Rheta,Garland,F,3716034580,4844506216838829,visa-electron
651,Deane,Wastall,M,4418028265,4405099315065354,visa-electron
652,Martie,Hindrich,M,9369691795,5010128136453459,mastercard
653,Regan,Buttle,F,8064251281,5591171278676401,diners-club-us-ca
654,Cinderella,Pahl,F,9198513460,3553104792036902,jcb
655,Vilhelmina,Revely,F,9889956276,5408769576999194,mastercard
656,Reilly,Cancellor,M,3534249207,3589851292324752,jcb
657,Adaline,Popham,F,9662205808,3577713151653669,jcb
658,Leela,Hanford,F,6049923595,5602243495185651,bankcard
659,Willi,Polycote,M,2762087940,3554870859957458,jcb
660,Fernandina,Caser,F,4328213779,4405512446830967,visa-electron
661,Louise,Bouldstridge,F,5975089321,201743838258046,diners-club-enroute
662,Mellicent,Tongue,F,3571178423,337941568771637,americanexpress
663,Delmar,Tathacott,M,1167879259,6304630919843675835,laser
664,Jordanna,Prichet,F,1309494799,201788124627297,diners-club-enroute
665,Elliott,Fairfoul,M,1679240207,4911468100554731,switch
666,Rey,Herkess,M,9221049380,3573164796749112,jcb
667,Hillary,Blofeld,F,1754968645,3555910846356684,jcb
668,Lorelei,Dutch,F,4368147231,30394410118021,diners-club-carte-blanche
669,Dacia,Chishull,F,3354177501,4041376178305907,visa
670,Kerrill,Corfield,F,3858523064,201500790698498,diners-club-enroute
671,Analise,Twigg,F,4365053185,676165378119788147,maestro
672,Vanessa,Shah,F,7235615503,3533416788760997,jcb
673,Vevay,Bindon,F,2543133591,372301004033777,americanexpress
674,Anthea,Dysert,F,2285812824,201467965280967,diners-club-enroute
675,Phillie,Millberg,F,2419427164,5567461986947131,diners-club-us-ca
676,Didi,Winteringham,F,7308056608,3550925503709392,jcb
677,Domingo,Corker,M,9121727239,374622079024732,americanexpress
678,Kristian,Bricklebank,M,5833677824,6761812735752739,maestro
679,Valene,Ghiroldi,F,3509667417,67069545811160069,laser
680,Hetty,Buard,F,8026083307,201759632314744,diners-club-enroute
681,Breanne,Carnegie,F,1263820530,675987906928957178,switch
682,Heda,Miskin,F,4004745002,4017952197093,visa
683,Melisenda,Swayte,F,5932245189,67712694107957662,laser
684,Gilles,Grishin,M,2888957786,3531253737726817,jcb
685,Kyrstin,Slocumb,F,9397070047,374288738547818,americanexpress
686,Valerye,Camin,F,9141888497,30314975153759,diners-club-carte-blanche
687,Burlie,Dosdale,M,3993672146,3552769222372274,jcb
688,Janette,Baybutt,F,4384841278,4041371907647778,visa
689,Vlad,Handmore,M,5491595085,560221571979209240,china-unionpay
690,Kate,Provost,F,9692860634,5641826095851368,switch
691,Lawry,Allridge,M,7742358619,379266819348129,americanexpress
692,Bradan,Ind,M,7134985856,4405761180983157,visa-electron
693,Ines,Dulinty,F,3951682302,56022442100487164,china-unionpay
694,Ashly,Shafier,F,1694119289,5893873333770669358,maestro
695,Peder,Sobtka,M,3318782402,4026050495576198,visa-electron
696,Mose,Hyndley,M,2566649982,3586842466132272,jcb
697,Merrielle,Froome,F,4528401371,3534404969182917,jcb
698,Lorrayne,Cursons,F,4596415976,3547217730538901,jcb
699,Windham,Coard,M,4452344003,3553576475025403,jcb
700,Willi,Andrault,M,4347427998,3529247701624911,jcb
701,Almire,Lynam,F,7159386996,3572145977993158,jcb
702,Maurine,Welsby,F,2663136545,3570281173042169,jcb
703,Liam,Dominiak,M,5055379662,6762662093251413566,maestro
704,Aaron,Skaife d'Ingerthorpe,M,4691170571,5020418216113133897,maestro
705,Tabbi,Rosenstiel,F,7179764136,5602238251616806775,china-unionpay
706,Persis,Sutherden,F,2704996204,3534052147434476,jcb
707,Row,Cicculini,F,4534164118,6334953379083334,solo
708,Netti,Vossing,F,4045164067,3561964517475572,jcb
709,Annadiana,Ramsdale,F,4471426948,67590245407244769,maestro
710,Drake,Dimitrov,M,1829543102,3562059883147761,jcb
711,Wilton,Winthrop,M,2861952978,3582005170622566,jcb
712,Elyssa,Soppeth,F,6078010906,5477771833444648,mastercard
713,Dyane,Joe,F,7572377573,5893308477351544,maestro
714,Hedvige,Meere,F,4518500965,201565627242141,diners-club-enroute
715,Kacie,Plackstone,F,3246872991,3545257203159662,jcb
716,Ramona,Winchcomb,F,5595722967,3570578687129600,jcb
717,Babette,Dowgill,F,3412339923,5100170731412358,mastercard
718,Lucita,Snadden,F,3242105248,3580989517726077,jcb
719,Brennan,Maypowder,M,5856633815,4041597935188,visa
720,Ashlee,Friskey,F,4486391788,58939623421044879,maestro
721,Bernardo,Beavors,M,9336811300,5602237315393891,bankcard
722,Sheff,Knappitt,M,3954258451,6759197905183752227,switch
723,Meridel,Hopfner,F,1564587530,5100146316451862,mastercard
724,Faina,Moxham,F,7057570207,5425097344731965,diners-club-us-ca
725,Cordey,Duker,F,9882746284,676316286212234240,maestro
726,Cristine,Beetham,F,4627650939,3548607238284041,jcb
727,Adrien,Hinners,M,3842647095,3586862812592250,jcb
728,Hamilton,Francescuccio,M,5242420817,5602219879348800,china-unionpay
729,Nelson,Patrickson,M,3889760728,375810093395696,americanexpress
730,Dee,Saffen,F,8412763901,3556896022340676,jcb
731,Abdul,Lansley,M,7835193140,6333928533554041,switch
732,Charles,Cristobal,M,8722006805,5610180221646293,bankcard
733,Gregorius,Rawstorn,M,6348468866,4903372647059263,switch
734,Clarey,Salmond,F,3583613134,6763136730165699,maestro
735,Clayson,Ailward,M,2885801146,201762999375126,diners-club-enroute
736,Kyle,Axon,F,3051630195,3570588159056553,jcb
737,Thatch,Giriardelli,M,2981289758,67065415318005403,laser
738,Andres,Brinsford,M,8237312323,501895811788781172,maestro
739,Linnea,Warrior,F,5202730689,6334418601482229935,solo
740,Morton,Seagood,M,5581682151,5353369719181639,mastercard
741,Chrysa,Evins,F,1144290019,3574606989928480,jcb
742,Sawyer,Kneesha,M,6919776575,3557929200049873,jcb
743,Allina,O'Fihillie,F,5066101973,676288740294013421,maestro
744,Hattie,Simonin,F,2118437038,56022336142575780,china-unionpay
745,Doretta,Skittrall,F,7259034186,3585021727519426,jcb
746,Garrard,Fedder,M,9053524980,36751643031392,diners-club-international
747,Clayborne,Franzman,M,8975737891,201415900392785,diners-club-enroute
748,Irwinn,Klugel,M,7676847447,3551651811642690,jcb
749,Valentijn,Puckham,M,5883353037,3584416732980723,jcb
750,Marilee,Whiteson,F,9937800263,5893363670013964907,maestro
751,Sherie,Balog,F,2788985618,56022251052233843,china-unionpay
752,Alexandr,Blumson,M,1674822727,30449498000127,diners-club-carte-blanche
753,Merilee,Tuddall,F,2009902394,4917401099381430,visa-electron
754,Yancy,Lunt,M,7999768579,560222559777277641,china-unionpay
755,Dennet,Custance,M,3192276311,3581018007296901,jcb
756,Tonya,Raynard,F,5499134296,374288228883210,americanexpress
757,Tracey,Hargreves,F,5763854489,372301983745656,americanexpress
758,Biddie,Brookhouse,F,1747134537,3581324908965275,jcb
759,Niccolo,Dormon,M,2967203532,3558524358901055,jcb
760,Justinian,Redwood,M,8339859518,374622301484100,americanexpress
761,Zorine,Falla,F,1042916736,589375382096388385,maestro
762,Worthington,Uren,M,8027214404,3580101248567024,jcb
763,Korey,Pevie,M,2188398604,3586542824614769,jcb
764,Ely,Halgarth,M,1715595374,3550288222636184,jcb
765,Annissa,Johann,F,3021806874,5578305392458539,mastercard
766,Lexy,Makepeace,F,5579911462,201433487703647,diners-club-enroute
767,Godfrey,Kaasman,M,9185346475,5010121011334001,mastercard
768,Beatriz,Spur,F,4222018034,5602233991454313,bankcard
769,Britni,Handrahan,F,1932390723,3586153378951043,jcb
770,Lorraine,Ivkovic,F,6153550080,3529579381059186,jcb
771,Bail,Yeldon,M,9853445749,3566576448995646,jcb
772,Barbabra,Hovert,F,3555680092,4911688026778763,switch
773,Almire,Besson,F,7414302317,4905080632905651161,switch
774,Friederike,Tinker,F,8946554684,30464655658385,diners-club-carte-blanche
775,Sabine,Larroway,F,3791318963,4903383216435152863,switch
776,Esteban,Spoward,M,1267341687,3563520616880563,jcb
777,Gerardo,Clementson,M,8135333923,3562355164375323,jcb
778,Aksel,Hymor,M,4033945269,5048372397174018,mastercard
779,Starla,Scahill,F,9532463779,5100148448791421,mastercard
780,Penn,O'Flaverty,M,4988633842,30171482630541,diners-club-carte-blanche
781,Estrellita,Azemar,F,5322426263,5610619302690522,bankcard
782,Nick,Wyon,M,4538364722,5532515331351737,mastercard
783,Llywellyn,Brewood,M,6909905798,3584906000349072,jcb
784,Roseanna,Preston,F,2458614208,30107779075909,diners-club-carte-blanche
785,Leigh,Hauxwell,M,9088562783,5519982219523869,mastercard
786,Rich,Shanahan,M,6296892667,5602232043303924,bankcard
787,Farris,Lefwich,M,4411477404,56022226726166041,china-unionpay
788,Foss,Langman,M,2788149463,30545802745032,diners-club-carte-blanche
789,Masha,Johnson,F,8026823035,4405189665468744,visa-electron
790,Bryan,Sambles,M,9235716297,3558106776452448,jcb
791,Regine,Verdey,F,4898761255,3568478428464040,jcb
792,Gill,McLeese,F,9821929836,5602228624400402,bankcard
793,Cosme,Farrey,M,9927002276,3534791749078435,jcb
794,Perice,Weddeburn,M,9906884925,4087909416524,visa
795,Krystle,Leavens,F,3848613031,5038526363303880829,maestro
796,Peta,Casoni,F,2939213028,5100133257054145,mastercard
797,Melicent,Janca,F,9066478522,3540857563228208,jcb
798,Krishna,Larcher,M,5942269826,5100137408083887,mastercard
799,Norri,Delacourt,F,5693111350,6389901675931239,instapayment
800,Bambi,Habard,F,6634288896,5610032705865687526,china-unionpay
801,Roxanne,Slowley,F,8392390307,5581999793016428,diners-club-us-ca
802,Evvy,Whitman,F,1302474549,3589566217602617,jcb
803,Hermann,Balfour,M,7715083943,4911496154737415,switch
804,Barnaby,Oldrey,M,6999763417,6706991111112426145,laser
805,Dian,Corn,F,6746661339,3536547678550713,jcb
806,Waylan,Jonsson,M,5899118525,3528954717287077,jcb
807,Nealson,Durnill,M,6532674254,6331106188732749,switch
808,Aguistin,Gash,M,7189258879,3558351874037424,jcb
809,Vern,Philot,M,4656737354,3556811128528751,jcb
810,Chiarra,Jent,F,9089257177,5602255277868353,china-unionpay
811,Adolphus,Mundall,M,4021584192,5100137747325197,mastercard
812,Lewie,Verrico,M,3042348006,3583889027254023,jcb
813,Conroy,Bolitho,M,2349514556,201579115683922,diners-club-enroute
814,Lucina,Mugg,F,4528134109,3529164056857212,jcb
815,Chandal,Moorwood,F,9774283612,63043094322164526,maestro
816,Elva,Seedull,F,7117238323,3541820942384901,jcb
817,Dalis,Fairburn,M,2771427598,6759312731276028782,switch
818,Georgina,McCaskell,F,9796089758,5610704436308850,bankcard
819,Randolf,Regorz,M,7563603634,561029298865303190,china-unionpay
820,Penelopa,Manger,F,4054810557,3555678834665909,jcb
821,Perry,Tourot,M,5789368541,3582115973449719,jcb
822,Silva,Abramson,F,3903992408,3529305312848541,jcb
823,Karoly,Carff,F,1733643542,3574575946404531,jcb
824,Edvard,Gooddy,M,5206924945,3582176080845611,jcb
825,Roselia,Skuce,F,4697653148,3533497765636608,jcb
826,Ricardo,Dilley,M,9566391460,6771750652878828136,laser
827,Melitta,Plumm,F,8665095810,3582698551709802,jcb
828,Merell,Hearons,M,7025520467,6334915641169140151,solo
829,Werner,Congdon,M,8614391714,30420073043717,diners-club-carte-blanche
830,Ozzy,Hidderley,M,5673735125,3531145526001701,jcb
831,Devin,Enrich,M,6351861963,3556688012605782,jcb
832,Maje,Aldous,M,3597457814,6709111842986850874,laser
833,Lindsay,Dwire,F,5172258091,30010158992472,diners-club-carte-blanche
834,Emogene,Paskins,F,6717483488,5010123976377264,mastercard
835,Adelice,Stonestreet,F,3796801395,3580404388096626,jcb
836,Gris,Anthoine,M,5727321053,201764018511954,diners-club-enroute
837,Selia,Abrahamsen,F,2517582707,6706880393839353497,laser
838,Damita,Yardy,F,6245029744,3588436831623582,jcb
839,Carmon,Humphrey,F,2751958487,374288430227297,americanexpress
840,Gaylor,Gaskarth,M,5224174606,3576704363065488,jcb
841,Kirk,Quirke,M,4136930629,5100130049244505,mastercard
842,Phebe,Lamas,F,8961812635,5447039327869044,diners-club-us-ca
843,Clim,Malan,M,5149328841,30180010882284,diners-club-carte-blanche
844,Sissie,Scramage,F,1967755257,4844743842763317,visa-electron
845,Denise,Mulroy,F,2505994229,3540290731043111,jcb
846,Clemens,Heads,M,9943582775,67625170167541155,maestro
847,Isac,Bianco,M,7524542766,5583252511317068,diners-club-us-ca
848,Gaspard,Offiler,M,3229839568,3575309081085213,jcb
849,Benedetta,Barti,F,7812877607,630413579787085677,laser
850,Smitty,Bickerstaffe,M,8796310927,3551397523772181,jcb
851,Ermentrude,Bootland,F,5755581953,3551413904160688,jcb
852,Jacquenette,Steffan,F,5796204997,4936051319323394,switch
853,Jake,Simnell,M,8331449917,201876906181656,diners-club-enroute
854,Haley,Glamart,M,7137858678,374288709762883,americanexpress
855,Alanah,Bendson,F,2246379267,5048371700762527,mastercard
856,Donica,Nellies,F,5943420810,3538429736400389,jcb
857,Welby,Mea,M,1287625787,344416185430231,americanexpress
858,Nina,Braben,F,3871322362,670672431531646903,laser
859,Brynne,Fetteplace,F,7405689185,3561403889689395,jcb
860,Dennet,Finnick,M,2592216953,201438177545976,diners-club-enroute
861,Tatum,Maseyk,F,7196861779,6304593918768791,laser
862,Aggie,Masding,F,3505500282,5100138013080904,mastercard
863,Elwyn,Gennrich,M,2356842165,3551977025233509,jcb
864,Oralia,Rzehorz,F,9985185526,633496521480987357,solo
865,Paolina,Lethardy,F,3702791909,374622015512295,americanexpress
866,Giacinta,Hollingsbee,F,3305375877,502051675872072063,maestro
867,Mimi,MacVaugh,F,9598808600,5471889345664572,mastercard
868,Gav,Pretti,M,3382276944,6763632525992370428,maestro
869,Burl,Redley,M,4614049113,5602221912588301,bankcard
870,Jerrilyn,Winkless,F,5326901036,3553690108043632,jcb
871,Ransom,Allebone,M,9563359712,201536119950871,diners-club-enroute
872,Richmound,Pendleberry,M,4955986053,6709067099133357,laser
873,Arron,Fiennes,M,4664689791,3549754710751268,jcb
874,Tanney,Minico,M,1914024825,3570313818394869,jcb
875,Orlando,Yannoni,M,4237694871,5100146778207075,mastercard
876,Barbe,Dubique,F,9598797858,5517195467948058,mastercard
877,Honor,Beadell,F,1746145476,3589320986268667,jcb
878,Windham,Bartels-Ellis,M,3525933402,3584170685675778,jcb
879,Priscilla,Leason,F,8208016218,3586276855331239,jcb
880,Lisha,McMonies,F,1189998962,06047805792782223,maestro
881,Kathlin,McLafferty,F,1633562967,56022195723429936,china-unionpay
882,Christean,Orgel,F,3678238314,3586396177695838,jcb
883,Brandice,MacDiarmid,F,3595822623,5048370821935350,mastercard
884,Lodovico,Vedmore,M,4319211730,3582427577217123,jcb
885,Xylina,Bambridge,F,4781448242,3582522893215353,jcb
886,Tod,Rallings,M,1208742233,30550133906048,diners-club-carte-blanche
887,Annora,Capstick,F,1332114947,5010127299423150,mastercard
888,Quill,Planks,M,7938451651,6759998467462474,switch
889,Leila,Shillabear,F,6901968167,3560657658750388,jcb
890,Pris,Manjot,F,2404400650,30151698243834,diners-club-carte-blanche
891,Bale,Brehaut,M,3619650296,6759170304027854954,switch
892,Rosalinde,Shinfield,F,8807065555,4917866324994712,visa-electron
893,Shalna,Pollack,F,7416871814,5169660116810018,mastercard
894,Seline,Shewery,F,3081832917,5602258200150527144,china-unionpay
895,Hercule,Folger,M,1367367820,3585088922644713,jcb
896,Sherlocke,Parsonson,M,3025378966,344235339618438,americanexpress
897,Erasmus,Bowlesworth,M,4044677521,5224832428084763,mastercard
898,Demetrius,Trevascus,M,7621286492,3573702962068971,jcb
899,Kayley,Anning,F,9787259056,6387956363818249,instapayment
900,Chevy,Warboy,M,6349457216,3535700935794621,jcb
901,Blaine,Riglesford,M,7364300628,675960097697728866,maestro
902,Karlene,Gricks,F,2921923546,30588278899131,diners-club-carte-blanche
903,Karlee,Baccas,F,3811525316,3545254116667253,jcb
904,Megen,Girling,F,9348722057,3560315357667375,jcb
905,Pascal,Vale,M,4472025543,3570063001060823,jcb
906,Erda,Goford,F,1116822644,5038520296821139706,maestro
907,Deloria,Iacomo,F,6238483900,374622701689027,americanexpress
908,Danice,Paxforde,F,7281812618,3544974945963521,jcb
909,Henderson,Itschakov,M,3508584237,4041595443916517,visa
910,Richmond,Coatts,M,6471767146,30296502311069,diners-club-carte-blanche
911,Harcourt,Pittendreigh,M,4081182113,3589573388063306,jcb
912,Thaddeus,Tattersfield,M,4808857516,5602221613775769,bankcard
913,Gracie,Titta,F,4266832722,3528320106800880,jcb
914,Ros,Huban,F,6719438941,6763289320350799,maestro
915,Lonnie,Poundford,F,4379751697,560222580576608984,china-unionpay
916,Jeremy,Errowe,M,8974058000,4911184394117986918,switch
917,Elissa,Sellors,F,2825213177,5108755438520586,mastercard
918,Cazzie,Woodruffe,M,6252157434,3534953191731636,jcb
919,Halsey,Wallbrook,M,6764693363,670901806389963943,laser
920,Lucie,Turgoose,F,4778495379,3551177289955430,jcb
921,Farlie,Liversley,M,4615839890,6304345724737256452,laser
922,Ellswerth,Tansey,M,7382367525,50384868161417895,maestro
923,Lonnie,Cammocke,M,5488053491,3579682370523516,jcb
924,Beniamino,McGaugan,M,1012198572,374622330318626,americanexpress
925,Bianca,Meedendorpe,F,2079161835,5602214390547329,bankcard
926,Gerladina,Fuge,F,9377724240,5641823438602221056,switch
927,Greg,Fontin,M,7946831792,677180476411286296,laser
928,Millisent,Gonning,F,8296282055,30281421016189,diners-club-carte-blanche
929,Donnie,Quan,F,8828347408,3574703097791163,jcb
930,Gustavus,Crewther,M,1319875089,201594322372367,diners-club-enroute
931,Dietrich,Antrag,M,4698042078,5602229058808698,bankcard
932,Lesley,Jeannin,F,9191667068,5002354392923569,mastercard
933,Ardyth,Parmby,F,1473439821,374288432459609,americanexpress
934,Gustav,Brouard,M,2712751065,677144301915645661,laser
935,Aloin,McKinie,M,6473717271,3562280287086856,jcb
936,Cordey,Bortolazzi,F,3895131994,30458028167942,diners-club-carte-blanche
937,Sean,Comello,M,6397464873,3579743916820574,jcb
938,Ingaborg,Wolters,F,5244920485,3559387668174410,jcb
939,Etheline,Gillinghams,F,2152187950,630465464587068966,laser
940,Kane,Prozillo,M,3515260069,5602246684582315,bankcard
941,Audrye,Balston,F,2852876968,3569468210241101,jcb
942,Kennith,Janousek,M,4793646172,3538944945071722,jcb
943,Alleen,Bunn,F,7979263340,4026110673223300,visa-electron
944,Konstanze,Yuryev,F,9424985533,560223325347249646,china-unionpay
945,Gerianne,Ties,F,8803943025,36098689859892,diners-club-international
946,Fonzie,Menego,M,1804695657,3552739132523936,jcb
947,Lurline,Jolland,F,6616140446,5602247943107514,bankcard
948,Rafferty,Burmingham,M,8658602446,63043177225871048,maestro
949,Rozelle,Tustin,F,5202711008,3542238532938367,jcb
950,Katey,Collison,F,9757931650,5100149670960544,mastercard
951,Elvina,Gypps,F,8224695097,5602235901932064,china-unionpay
952,Elaine,Belverstone,F,7317255818,4041379966443,visa
953,Moria,Harmes,F,9593653304,5108753234004129,mastercard
954,Buffy,Sainer,F,3662651937,201586378438324,diners-club-enroute
955,Ransom,Berkery,M,2776169696,3545975320884199,jcb
956,Jolie,MacDermand,F,6018743461,5100148847019515,mastercard
957,Winfred,Terran,M,7544443339,5540075958734145,mastercard
958,Marcelo,Spuner,M,2738667195,3563447965954353,jcb
959,Bathsheba,Vasyukhichev,F,9449816728,3580109096900510,jcb
960,Gladys,Sokell,F,9012135596,5100137557187240,mastercard
961,Spencer,Godfree,M,9303168388,5563131543855655,diners-club-us-ca
962,Vinnie,Whaymand,F,1582406863,201619811653488,diners-club-enroute
963,Tore,Lissimore,M,3229790370,201564696849118,diners-club-enroute
964,Sheryl,Summerly,F,2474803004,56022440933971214,china-unionpay
965,Yale,Waylen,M,1376682177,3553887035704043,jcb
966,Trevar,Shay,M,2971738753,3550816660744852,jcb
967,Etheline,Blewmen,F,3402791320,4291732411724,visa
968,Galvin,Braisted,M,4587803004,3589075374624257,jcb
969,Chrisse,Hiddy,M,9153647610,3571618346206065,jcb
970,Kathe,Mabb,F,2097758722,3538427285522199,jcb
971,Louisa,Islip,F,2025049001,3570232973658639,jcb
972,Gabey,Manthorpe,F,8741055734,3584235704377944,jcb
973,Margy,Pflieger,F,9156586243,5574090041771243,diners-club-us-ca
974,Adolf,Strainge,M,2127147507,3566744326213298,jcb
975,Elianore,Dellenbach,F,1081621794,3574625536668357,jcb
976,Garald,Hassey,M,5433293671,560225010690335923,china-unionpay
977,Kissie,Fadden,F,5884667539,3573673334514630,jcb
978,Towney,Dils,M,9167566829,3570291988361977,jcb
979,Sorcha,Oakland,F,4116931115,372301162135281,americanexpress
980,Latashia,Ferrie,F,8815246437,676295928297372644,maestro
981,Josiah,Pickton,M,8532615899,6771866669485296219,laser
982,Adamo,Bushnell,M,8994438813,3528749836312347,jcb
983,Loutitia,Dearn,F,8434678768,6385492002411420,instapayment
984,Jan,Featherstonhalgh,F,1392535791,6763947993337092,maestro
985,Justinian,Cassie,M,6914524179,3575322943032109,jcb
986,Arnaldo,Higford,M,5597512284,4903825588485756413,switch
987,Keely,Heffron,F,9798416365,4905088083050875,switch
988,Mar,Stapleford,M,7083656521,3531014792174008,jcb
989,Charlotta,Brett,F,3263123388,3589227994311324,jcb
990,Sally,Shambrook,F,2245960934,4522363489342884,visa
991,Tades,Kristoffersson,M,8041639045,560224089698449705,china-unionpay
992,Bibbie,Kenworthy,F,9678847334,3548485727823805,jcb
993,Gare,Sange,M,9776305293,6380990972064272,instapayment
994,Issy,Gibbie,F,2368817584,3560152456657589,jcb
995,Emmet,Woodwind,M,8941860995,3577288256178656,jcb
996,Danella,Dooley,F,3166671683,4041595849915170,visa
997,Janette,Royl,F,2999791517,5461752868658847,diners-club-us-ca
998,Maximilian,Belson,M,9039516774,4917858405161212,visa-electron
999,Kirsteni,Clemendet,F,9226003616,3566759745420175,jcb
1000,Ginni,Spaldin,F,1984751047,5038504604149514,maestro
