1019452229, 1063174809, 1065262172, 1165708472, 1263149988, 1583912766, 1584605926, 1594852797, 1599391151, 1615674267, 1656607896, 1774227894, 1775675141, 1807232718, 1823346174, 1823349218, 1878201356, 1915263363, 1938976047, 2011521570, 2017756064, 2029234521, 2056434515, 2108933357, 2133931409, 2141225808, 2141445836, 2179078774, 2182654826, 2198849635, 2239679725, 2274208784, 2299556548, 2367824560, 2486042061, 2493311157, 2505392139, 2628887060, 2672103309, 2779192393, 2797506649, 2844167360, 2852553913, 2852835877, 2959697001, 3035292212, 3083033968, 3092753380, 3102405404, 3106978448, 3142300856, 3208304821, 3364786076, 3732404254, 3733934112, 3755442723, 3771405340, 3777821581, 3889285687, 3899716452, 3933505843, 3953014970, 3958218461, 4007084244, 4016996872, 4023873806, 4106098906, 4133875563, 4144267841, 4147300335, 4263665447, 4358719259, 4401682214, 4404704495, 4412672287, 4444122623, 4455131328, 4463822981, 4512468617, 4546481867, 4635792822, 4669363869, 4684261431, 4757220299, 4757399604, 4839472628, 4876337392, 4928977122, 4946683779, 4953830520, 4994898736, 5009516220, 5164252778, 5185831732, 5246399718, 5309148845, 5387158381, 5446706073, 5517590564, 5543410191, 5566386225, 5629557896, 5748115444, 5749504622, 5758455804, 5772009245, 5799240391, 5913945169, 6005724986, 6109711074, 6114828040, 6205595755, 6229093433, 6259022339, 6326974503, 6331240482, 6339892792, 6365317906, 6455119938, 6504379525, 6533424315, 6669507981, 6802265723, 6838596969, 6839072162, 6869850367, 6872953517, 6875399722, 6924402145, 6945024802, 6952180898, 7012297669, 7015682947, 7073037032, 7075159857, 7102114807, 7111091917, 7114491996, 7164953156, 7319614101, 7451946604, 7474593704, 7502630538, 7508278223, 7591694311, 7648404309, 7653453372, 7746595060, 7772066297, 7809787418, 7839600068, 7871244038, 7874970509, 7964172306, 8011862826, 8019952356, 8027341275, 8061470400, 8076546538, 8098815004, 8159532066, 8162277273, 8251456070, 8252981902, 8266367178, 8302029549, 8323809279, 8384222136, 8385874219, 8424287306, 8482612747, 8486909264, 8509156139, 8551204342, 8568660431, 8648317915, 8685704046, 8708168589, 8725294268, 8741093648, 8753734240, 8762658256, 8766438097, 8825102846, 8832082791, 8909465120, 8917571197, 8991805920, 9103236268, 9126994124, 9138497540, 9147113663, 9176020787, 9181735095, 9264794329, 9302533928, 9354206149, 9373698663, 9373903653, 9375390172, 9582856970, 9594426915, 9604045901, 9608881385, 9672169018, 9692867246, 9718432681, 9933188401, 999573082
1026760891, 1035715972, 1036269167, 1041588471, 1059057096, 1114497901, 1152570450, 1159366535, 1222245900, 1267970605, 1292448591, 1314893713, 1348811757, 1379632529, 1392346955, 1447369349, 1618924311, 1624981686, 1657629589, 1786778642, 1805165787, 1909798507, 1999459055, 2172512680, 2179511742, 2292738811, 2368724292, 2379458973, 2381365802, 2419620349, 2437658876, 2562009634, 2573928745, 2609915122, 2654883875, 2744877515, 2806676251, 2811839305, 2856584124, 2858359646, 2909554075, 2933851743, 2974751417, 3013268092, 3032529501, 3123044776, 3209741371, 3387533115, 3415810141, 3499481008, 3652599874, 3654869123, 3676140390, 3686107710, 3691863723, 3745788808, 3788607816, 3878831563, 3902644339, 4014624670, 4025040686, 4025850191, 4056044139, 4079935388, 4095510615, 4135235187, 4151758839, 4238542796, 4303225503, 4332355787, 4474698359, 4487993858, 4551526741, 4562288442, 4569016883, 4691551861, 4693606496, 4752872759, 4831160723, 4861157708, 4898631127, 4991313368, 4995453058, 4997510057, 5045564945, 5048417980, 5054668665, 5078618592, 5141106372, 5189533926, 5292140679, 5358093146, 5358429973, 5387795836, 5418918413, 5434655854, 5452894790, 5461715241, 5498093483, 5498539531, 5534601370, 5537219870, 5542057151, 5562783633, 5607287633, 5607423917, 5621665570, 5671624738, 5677056637, 5693796744, 5738659326, 5763934041, 5781363012, 5818874287, 5877977795, 5911730526, 5927686153, 5949150190, 6062736545, 6142631329, 6187049100, 6243079468, 6265405307, 6275660664, 6409482034, 6429421072, 6484748936, 6601517455, 6635865098, 6644131809, 6657701688, 6747565659, 6881746575, 6888979977, 6937017508, 6971518949, 7127653008, 7153158141, 7178624624, 7238789369, 7269031385, 7309905059, 7346953027, 7352675213, 7371534384, 7472567954, 7558657907, 7569810567, 7573196479, 7589795292, 7614787724, 7738329215, 7757816331, 7787649000, 7857033229, 7901804490, 7924976108, 8018986340, 8032730630, 8169901334, 8232182289, 8238698859, 8343826423, 8351374025, 8401828489, 8411842653, 8434622273, 8456252517, 8576618447, 8621662855, 8648408536, 8651267405, 8687873194, 8872173105, 9079819568, 9092619042, 9165277864, 9225414672, 9228856643, 9235242866, 9359178054, 9417525840, 9476950475, 9489688183, 9502961997, 9512092368, 9525402828, 9532005025, 9533504458, 9544248077, 9599784721, 9602155004, 9613474509, 9622745747, 9626092160, 9647971498, 9715466730, 9746087605, 9746353577, 9791193280, 9791707140, 9859445561, 9884505843, 9921778288, 9924509306, 9952283789, 9956062105, 9964407373, 998172455
1086435452, 1092428844, 1255429381, 1313997421, 1354962578, 1454592155, 1493826102, 1518673875, 1586289792, 1597594415, 1609794019, 1693170626, 1719101903, 1776144010, 1901042730, 2037972202, 2057222237, 2124088466, 2127296830, 2247971307, 2304526006, 2383871223, 2449645815, 2634923783, 2635160784, 2648660460, 2667549972, 2695608047, 2748517432, 2778149574, 2821566274, 2824154105, 2835865699, 2855021817, 2861448383, 2873691076, 2892263826, 2893063317, 2915698584, 2965568500, 3007062840, 3219681267, 3251720030, 3271788060, 3294505042, 3323406929, 3345706995, 3358214072, 3382054345, 3394506687, 3439422520, 3465022496, 3559594431, 3617200529, 3671912888, 3753257735, 3774410942, 3865721148, 3876710854, 3877766322, 3931766099, 3964422888, 3992586742, 4019811141, 4096427266, 4151072699, 4152805394, 4172124519, 4193189025, 4245567901, 4332236984, 4356610436, 4363252044, 4662598794, 4689835559, 4697788285, 4737272006, 4741298563, 4744375826, 4808142474, 4828040445, 4863631786, 4866536425, 4947327734, 5021320534, 5056031921, 5155738970, 5157185480, 5157297643, 5159942099, 5229177892, 5335990214, 5452296271, 5497301435, 5596146726, 5623025699, 5654779971, 5691268437, 5767562006, 5777143544, 5841844135, 5877833255, 5914139214, 5914782316, 5931211500, 5946384828, 5946786452, 6002060608, 6015836852, 6039526199, 6042870439, 6045018594, 6073781458, 6078486854, 6121785686, 6199412577, 6234261369, 6244589595, 6357312399, 6401713195, 6408803527, 6434684769, 6485385106, 6495907569, 6498737497, 6531140448, 6545230440, 6557715747, 6558429622, 6657826695, 6668795951, 6671321597, 6725337788, 6761131168, 6795725836, 6838953454, 6886228903, 6937286947, 6944350292, 6961996594, 6969660261, 7144876063, 7185209814, 7304972908, 7326804826, 7339962712, 7342105560, 7403580320, 7406986648, 7489742119, 7539232417, 7674518163, 7734060996, 7771675082, 7774683148, 7778038458, 7834769610, 7836906859, 7856324313, 7909337173, 7974105706, 8039774274, 8082404146, 8083860452, 8083991661, 8153847589, 8154165540, 8156875569, 8225431307, 8388181382, 8394912945, 8404431147, 8457650218, 8515379940, 8528297835, 8573310506, 8579238413, 8587323790, 8645276310, 8698928760, 8782950064, 8889314483, 8894975471, 8993597451, 9065559093, 9066913437, 9151017343, 9165976438, 9174253645, 9192632906, 9219765856, 9272786765, 9458788774, 9568905571, 9595593537, 9601172868, 9617131205, 9626422043, 9679704309, 9746389080, 9774940944, 9794755606, 9815080584, 9833071319, 9833730290, 9858059306, 9937545734, 9951930089, 997427382
1017436749, 1044537096, 1134008368, 1173702472, 1178666371, 1185987858, 1257408399, 1328961081, 1342539926, 1429660682, 1439982342, 1442139942, 1461445067, 1507062178, 1568433704, 1607881044, 1633018884, 1716736858, 1745660766, 1748523231, 1754207028, 1815634689, 1882434185, 1926119447, 1951787537, 1962685061, 2062438423, 2065448577, 2085655828, 2135250951, 2135596208, 2236673274, 2266101468, 2268362448, 2303765045, 2319808464, 2379803167, 2381176550, 2395281421, 2438534605, 2481243794, 2554192051, 2563950819, 2655769515, 2668079644, 2671197134, 2734146189, 2765160889, 2799268112, 2814431499, 2858620008, 2913227666, 2926239760, 2967901018, 3004628131, 3005644107, 3021149566, 3027712409, 3067789386, 3073895105, 3242473041, 3301605913, 3331519769, 3435427698, 3436133510, 3495230374, 3496591354, 3524472346, 3582267382, 3634005727, 3688807987, 3734934535, 3835695960, 3863021655, 3878249335, 3892580653, 3967636610, 3969540636, 4032109451, 4094721664, 4251447648, 4258548889, 4309632859, 4314610753, 4475289731, 4499018521, 4512938564, 4538027557, 4649498606, 4666167604, 4668174937, 4747396590, 4757353590, 4775808746, 4848967117, 4855393813, 4893463140, 4905830429, 5025658129, 5053629883, 5069309461, 5085383100, 5089027635, 5105072441, 5178513249, 5239015755, 5258136237, 5329154299, 5384332927, 5393841267, 5521387783, 5533914294, 5548177284, 5617370249, 5624326337, 5637030476, 5647236032, 5648606555, 5748865212, 5817980518, 5852470904, 5855988845, 5878411049, 5882833576, 5912763843, 5916137407, 5949268282, 6032078180, 6076340113, 6079093979, 6107868039, 6439703838, 6476657435, 6491269799, 6528692680, 6591719511, 6627388480, 6642670747, 6671900717, 6732251182, 6906494706, 6906665122, 6924591842, 7017746613, 7109902742, 7112385774, 7119963849, 7152805990, 7235792402, 7255437405, 7274490517, 7299784814, 7376190055, 7391487713, 7425326857, 7516762614, 7671426978, 7731222679, 7742332956, 7743100211, 7768665572, 7794041501, 7797752557, 7861124895, 7869258020, 7881965313, 7922064595, 7927625391, 7939208013, 7965138556, 8099010427, 8103601539, 8141534035, 8206096986, 8214594913, 8217422810, 8269794417, 8355635946, 8403277050, 8448667207, 8461293312, 8488206764, 8519903181, 8557804955, 8602466450, 8616547805, 8699030055, 8712143299, 8892179820, 8922322328, 8935301317, 8949435809, 8953166299, 8989539011, 9175639331, 9187853104, 9296222956, 9566066879, 9631613089, 9679144805, 9683653201, 9712624595, 9726945659, 9762354070, 9767927278, 9816072980, 9888432898, 9897452013, 995884896
1004510896, 1014710368, 1081535364, 1159449680, 1165021742, 1172555281, 1175658046, 1233135402, 1294614195, 1305499238, 1334655011, 1367134623, 1503349508, 1535667173, 1536763834, 1648403384, 1651212155, 1668272283, 1707071889, 1709020855, 1783192733, 1895665622, 1928183942, 1936394180, 1942647450, 1983428707, 2016784319, 2134921717, 2193212366, 2201862815, 2217018939, 2293331279, 2314945937, 2356710226, 2374389150, 2448236448, 2494530823, 2499203617, 2548825880, 2614672492, 2737635361, 2744503818, 2775836156, 2789668064, 2811255813, 2836828255, 2905437613, 2928467725, 2935910635, 2939442789, 3001083751, 3026040756, 3036713773, 3066189944, 3068778410, 3114554472, 3137625250, 3203123771, 3208462829, 3263187673, 3284099919, 3326536619, 3431223032, 3488148351, 3533285271, 3574966315, 3599906731, 3616518576, 3645673249, 3645891653, 3816529569, 3933630363, 3998587112, 4073803988, 4096300644, 4106487177, 4181536781, 4196456075, 4315902498, 4412631901, 4449556766, 4466510637, 4499168077, 4662225408, 4666051475, 4685096309, 4744696211, 4834792367, 4993456279, 5151568672, 5164033891, 5185966337, 5201364740, 5205882015, 5215584935, 5233579227, 5374672664, 5376456137, 5395107552, 5456058760, 5551697712, 5589134123, 5612955938, 5625184692, 5661349332, 5688388765, 5748862271, 5835784625, 5843793613, 5894677324, 5962019205, 6008992494, 6021445252, 6049041862, 6108248496, 6115435782, 6179555817, 6299322737, 6333488451, 6343205969, 6381068349, 6391986383, 6453607740, 6593863085, 6594180301, 6611225486, 6634658626, 6798500517, 6809068678, 6824170454, 6863837769, 6884864887, 6894206058, 6905404992, 6909072889, 6913735664, 6941820367, 6983431138, 7045476611, 7122816975, 7129642808, 7135984959, 7326990821, 7327672256, 7369723826, 7374312361, 7398501135, 7497495830, 7539198735, 7552743942, 7583796754, 7589876355, 7591537558, 7592664903, 7601974726, 7635000631, 7669050112, 7783183820, 7791878340, 7833676450, 7869578706, 7975189848, 8014531884, 8046052237, 8098527981, 8108533116, 8181970043, 8233560005, 8233752155, 8338085697, 8377681534, 8475804197, 8558581415, 8578271145, 8591930073, 8595224129, 8616482653, 8695038419, 8791509155, 8826569537, 8838137453, 8848544965, 8855076676, 8907409682, 8935588868, 8971971664, 8987625592, 9002939829, 9031727355, 9099995950, 9249495276, 9255857138, 9263213365, 9346696170, 9382919875, 9395791623, 9413901190, 9451770241, 9517272427, 9518643771, 9621612275, 9678473172, 9701396955, 9754369809, 9897705644, 9912281756, 9934154052, 9964066250, 999294030
1063884933, 1089394605, 1126054630, 1149060883, 1151256965, 1285510615, 1311438259, 1359824354, 1428249070, 1456099906, 1565449592, 1633058504, 1672634405, 1707963983, 1791234606, 1792105689, 1795350922, 1803899052, 1823260161, 1848783381, 1863531212, 1889606065, 1964477009, 1974685286, 1993443202, 1993921749, 2003788071, 2066945619, 2077895643, 2093530016, 2128736751, 2129287791, 2168127562, 2184477480, 2187200080, 2187561390, 2231023155, 2289004990, 2299122345, 2342147803, 2366574786, 2397068643, 2461808140, 2521415848, 2602707715, 2604501252, 2706524641, 2723222194, 2738592274, 2823082569, 2855030761, 2855802914, 3002878827, 3009142225, 3031711386, 3095570255, 3184453712, 3209392992, 3272522526, 3276533412, 3403121026, 3445393313, 3457303660, 3502238935, 3552658622, 3576211688, 3583504872, 3594853031, 3673458553, 3686376252, 3722100109, 3749468516, 3785819434, 3829198369, 3901403772, 3931165064, 3935492782, 3952570192, 4023287193, 4024123753, 4038630672, 4069053144, 4196100705, 4199542261, 4234245728, 4296460914, 4305403021, 4307312982, 4311471362, 4319051965, 4373073078, 4445385660, 4503156156, 4818848327, 4834231864, 4879746951, 4907798601, 4932554900, 4948994749, 4974376493, 5024326996, 5035224272, 5116836886, 5123995895, 5154127543, 5281391257, 5284454899, 5307697620, 5495185276, 5613092949, 5644005791, 5678525732, 5792024889, 5807271638, 5889084424, 5987226233, 6058270340, 6062435135, 6194683897, 6264263068, 6267287276, 6305689533, 6413778227, 6438277072, 6471786577, 6546509920, 6547359230, 6567548300, 6577569278, 6577998862, 6663799385, 6668979365, 6684773312, 6698791131, 6713040418, 6766783739, 6884931837, 6912577670, 6954248978, 7044372492, 7068390960, 7132499242, 7243045518, 7244958325, 7253004087, 7266523881, 7339197220, 7351189852, 7353514261, 7449756952, 7454534860, 7638272571, 7707153853, 7719592695, 7748060068, 7766133926, 7825567307, 7871050532, 7897147994, 7975643420, 8052992855, 8061996736, 8071240074, 8091106124, 8092039392, 8117005129, 8129249693, 8211266931, 8213537201, 8219752235, 8267357267, 8323441947, 8345196242, 8351880884, 8394862118, 8398632744, 8434004997, 8546402510, 8558350090, 8588248064, 8657701093, 8696952295, 8714043146, 8794830545, 8796196774, 8846189647, 8904128530, 8991998990, 9128971060, 9157305602, 9237484672, 9349815275, 9353799514, 9362090792, 9373181921, 9407329651, 9486244750, 9584624923, 9656284383, 9662557372, 9681979011, 9684640393, 9792363092, 9793663486, 9802841220, 9836929149, 9858961845, 9923707290, 998334378
1025618543, 1063973536, 1112216605, 1173896237, 1218853108, 1348700024, 1374244316, 1414675166, 1488629235, 1495146197, 1523854940, 1529458548, 1533439867, 1542524872, 1557091189, 1569791433, 1673099356, 1674768876, 1687369349, 1758708790, 1781001727, 1831851834, 1906872696, 2037440439, 2057480179, 2069457790, 2164603794, 2321882184, 2382017048, 2431532115, 2444347964, 2478479729, 2546743266, 2573234797, 2579513556, 2607672280, 2629601432, 2646731359, 2712329947, 2756005100, 2793224330, 2854102414, 2878591011, 2902716612, 2933423665, 2935114566, 3021026784, 3041827793, 3095857179, 3281746671, 3309149659, 3492518305, 3535816385, 3732019771, 3747950768, 3762511259, 3768514983, 3774862912, 3885221826, 3991416211, 4028497633, 4035261888, 4063725273, 4075716524, 4086416061, 4116144447, 4167395586, 4276688721, 4316984721, 4322573572, 4343072572, 4394857243, 4506567456, 4624462843, 4628034264, 4654998763, 4693466542, 4694409162, 4804351077, 4904790670, 4954641188, 4966688905, 5093816047, 5123303857, 5145770023, 5146171042, 5147043774, 5248047002, 5314861465, 5335872303, 5361257898, 5379151583, 5434673105, 5473217974, 5518860658, 5604888569, 5689408472, 5782690190, 5789739855, 5819736393, 5994162623, 6008230734, 6017576987, 6023131619, 6037674270, 6051739706, 6068667857, 6094554543, 6099544932, 6116073326, 6133337438, 6148397755, 6184786758, 6292335524, 6364666324, 6387088564, 6472547793, 6479169339, 6508267774, 6519952583, 6553111139, 6647534903, 6684651261, 6731909552, 6781701236, 6795648077, 6796172875, 6832328094, 6845379625, 6892194938, 6975227500, 7057240608, 7062473516, 7069940930, 7076521274, 7136002492, 7168384486, 7221659850, 7229645965, 7261323767, 7277235479, 7302428146, 7311536857, 7325791162, 7341560316, 7371270936, 7399965775, 7414931415, 7464403165, 7532874963, 7533418205, 7565529324, 7613619097, 7629261710, 7652891891, 7655785303, 7693397272, 7738132588, 7904987225, 7984311677, 8051650538, 8067140823, 8091463846, 8092875266, 8166495431, 8234523178, 8243780897, 8306563367, 8349634331, 8463905493, 8501292799, 8506023931, 8576726136, 8578464051, 8597021786, 8605775055, 8696843572, 8814708948, 8816997282, 8834394018, 8889282794, 8991412070, 9002143888, 9062245630, 9071490960, 9089020243, 9095837972, 9101245417, 9172280680, 9192520077, 9219197564, 9264246161, 9277341778, 9283191395, 9332041857, 9352731520, 9375441050, 9378125084, 9623507344, 9726514875, 9727043287, 9745607658, 9773659761, 9789854154, 9804260501, 9866801429, 9968283602, 9983137680, 998985276
1021913296, 1123046115, 1123472950, 1128076781, 1154237997, 1232984418, 1238937950, 1251154368, 1348723849, 1351465804, 1439602340, 1491560196, 1514648480, 1525481880, 1527973022, 1607806089, 1695422629, 1716676085, 1717263022, 1719215429, 1733217697, 1748169659, 1753825674, 1877564900, 1879571125, 2047519876, 2059439454, 2117448385, 2154885303, 2181338107, 2191124048, 2253497031, 2269778916, 2446008196, 2456948389, 2468318847, 2523716637, 2542023588, 2649952270, 2671231096, 2671427796, 2717543699, 2904348784, 2907353398, 3029495799, 3177587195, 3236973566, 3256764899, 3297842091, 3373510469, 3384176464, 3394522288, 3418402596, 3426556409, 3543385967, 3575698284, 3623245201, 3624332054, 3668384488, 3671234968, 3779144984, 3808036398, 3859369415, 3869180698, 3951751742, 4024648739, 4075940076, 4118705987, 4155250321, 4187268688, 4189430382, 4292703163, 4381204493, 4414904408, 4435735591, 4444383808, 4463354552, 4507386190, 4609947069, 4614274028, 4707350298, 4708483879, 4728950146, 4736509499, 4916947276, 4995124533, 5009223879, 5019487446, 5021029511, 5082593251, 5196886142, 5275827850, 5278256155, 5299050119, 5319573600, 5364396455, 5378280639, 5388092423, 5464913369, 5477203652, 5562033122, 5572240636, 5657599654, 5659919175, 5688808478, 5738203457, 5855361927, 5954956677, 6005070477, 6036499802, 6079273895, 6207694402, 6213254907, 6219255594, 6249956501, 6453259069, 6463188926, 6487699880, 6501173750, 6504182804, 6512363603, 6558572235, 6581381265, 6722312778, 6753239314, 6771478850, 6774227573, 6803335928, 6808242421, 6893592858, 6945891465, 7023953930, 7048981290, 7193413224, 7214264529, 7216414692, 7314773517, 7338533823, 7342234414, 7347387382, 7377635272, 7386095008, 7431803376, 7471380565, 7501256515, 7511659804, 7558396924, 7629954030, 7632797193, 7777015227, 7821263904, 7866092760, 7871194379, 7895732896, 7918650159, 7958181733, 8061827935, 8066043527, 8082950449, 8089700573, 8093180256, 8145469776, 8163374865, 8186601530, 8224944095, 8244105145, 8246235818, 8292318692, 8313083364, 8329421224, 8417247423, 8475570229, 8481462269, 8563715737, 8571692999, 8582138036, 8583622735, 8642800361, 8784632000, 8805225433, 8898704176, 8906132090, 8922196076, 8948574340, 8963679414, 9018920835, 9081293609, 9166549215, 9194382027, 9223322141, 9276115695, 9293185618, 9294406584, 9301086360, 9316798362, 9325738600, 9417521068, 9465909920, 9483579542, 9601023394, 9652961392, 9718214038, 9723716963, 9728078252, 9891434756, 9895099945, 9914987241, 9919084909, 992572030
1008693942, 1018970427, 1084459275, 1121729795, 1141998953, 1168097245, 1214145056, 1219456959, 1268575040, 1273480438, 1319152394, 1345906795, 1404564265, 1521440144, 1526205075, 1527375959, 1617381019, 1623960291, 1704058826, 1714491007, 1717283283, 1725561616, 1805394093, 1825543851, 1835538018, 1866625108, 1891848226, 1927326689, 1931571432, 1946777135, 1967840205, 2011883595, 2036643989, 2041590214, 2051178680, 2112385844, 2114240120, 2143157353, 2148893258, 2171756861, 2195300847, 2198939071, 2234403854, 2295704912, 2366589508, 2381154349, 2419149344, 2426987102, 2444327696, 2483609001, 2506029425, 2508434158, 2555945207, 2567870585, 2593567555, 2607878322, 2772240992, 2816534889, 2833927141, 2858568278, 3073615044, 3085545984, 3104374700, 3114530832, 3153227674, 3175871074, 3181664841, 3182379611, 3209449712, 3221809977, 3298606127, 3433807339, 3454232978, 3531804301, 3584457144, 3607383619, 3635222850, 3657242370, 3807665008, 3868789078, 3869049500, 3888854849, 3984188614, 3986315533, 4016963708, 4018388416, 4023553816, 4114941988, 4127823702, 4132817837, 4136218020, 4157450633, 4194809590, 4287551986, 4307370368, 4314987190, 4398663883, 4581318497, 4637714675, 4637790875, 4672312220, 4711692241, 4776274380, 4878741137, 4927609460, 4985530767, 4985792267, 5055986458, 5066104599, 5103906967, 5153719297, 5261923877, 5346942046, 5476060278, 5554448427, 5634015879, 5665733257, 5805446929, 5808230078, 5834312638, 5973173441, 5983635333, 6025766545, 6066231217, 6256871437, 6299571914, 6342568219, 6344291894, 6449852032, 6495525329, 6497076479, 6543869484, 6567463459, 6582226050, 6638197298, 6654411277, 6725324344, 6749201069, 6769731514, 6791418270, 6792109236, 6795424323, 6835305353, 6942902671, 6971079555, 6988219524, 7111384947, 7124216806, 7228593114, 7247643093, 7257970026, 7282227234, 7484063393, 7496845618, 7505561064, 7543651461, 7614105465, 7615947754, 7671108833, 7736295027, 7744982587, 7843575538, 7845159337, 7896626759, 7926752641, 8001254971, 8008865856, 8066017136, 8073324800, 8096238034, 8097657712, 8104126980, 8112912483, 8128357375, 8148464109, 8261389428, 8288265749, 8301111633, 8306145311, 8344239677, 8374575641, 8455584650, 8473926701, 8512296132, 8521488322, 8584289543, 8878579566, 9017183223, 9078428955, 9138482658, 9246457751, 9277746263, 9299112714, 9333227694, 9347724578, 9355463807, 9453307944, 9466834462, 9521282842, 9532179511, 9598558298, 9602995085, 9752914617, 9777893624, 9817936691, 9818681659, 9853457788, 9859532459, 990117578
1054405587, 1056064519, 1093202387, 1179165953, 1202259001, 1217060524, 1261633925, 1281369542, 1332917827, 1352303088, 1401680290, 1446596943, 1451254550, 1454421029, 1471775283, 1586949410, 1682794822, 1692263682, 1699080633, 1729416199, 1832340267, 1833323082, 1877330115, 1942376235, 1978006301, 1984824266, 2019899331, 2021161567, 2024836972, 2063865167, 2128429002, 2192450525, 2254357791, 2284009148, 2296434472, 2461891156, 2632026788, 2656875655, 2679051438, 2687135571, 2771729083, 2821426482, 2856949868, 2893292388, 2897839033, 2932848262, 2989024663, 3027353655, 3049766173, 3112633966, 3125337839, 3145051514, 3171042770, 3202833294, 3269330394, 3274310827, 3284523667, 3311741738, 3333427921, 3424779861, 3466443865, 3604057595, 3611269279, 3614392469, 3691803181, 4087045138, 4121382833, 4156880067, 4211570851, 4211718959, 4212827337, 4266310395, 4345519514, 4347799293, 4362994945, 4405056673, 4464299466, 4476732021, 4496963428, 4502443959, 4608438032, 4618647627, 4711785498, 4717975312, 4768317497, 4898298052, 4911342789, 4985440023, 5044572828, 5082799175, 5104674336, 5217468351, 5269311185, 5304680368, 5333634573, 5403980104, 5539936760, 5575915988, 5654963362, 5681829445, 5732174606, 5735083300, 5756352463, 5787582633, 6076910891, 6082407938, 6104296523, 6136914540, 6137413018, 6143016844, 6167519331, 6249246966, 6287479392, 6312582428, 6313430104, 6316589273, 6396148131, 6502774013, 6583011407, 6585045327, 6586804287, 6609594414, 6635292455, 6683763500, 6722846178, 6731037474, 6825089241, 6882282268, 6892508017, 6942244241, 6956230631, 7005055140, 7015699121, 7018865289, 7068360573, 7099313417, 7129934328, 7146772003, 7178479990, 7227140606, 7242944634, 7322639151, 7328562945, 7386521638, 7406556166, 7469272095, 7555840885, 7559619986, 7615924874, 7659886480, 7677399432, 7728021598, 7757222591, 7766313054, 7927423675, 7986970864, 8027810211, 8103976492, 8143448939, 8216246219, 8218809050, 8298017158, 8302137535, 8345605785, 8371557549, 8459345316, 8467416763, 8471881003, 8535615073, 8542816370, 8543810522, 8565459702, 8658868622, 8826567801, 8879163931, 8919446739, 8936831199, 8956950652, 8978262889, 9011440616, 9013687808, 9061531277, 9081560350, 9142095697, 9173416284, 9197176528, 9336234691, 9382525349, 9414261344, 9431149176, 9481325176, 9514102294, 9573426511, 9587170401, 9616016374, 9623239944, 9623914085, 9674540543, 9705501236, 9721322556, 9733359169, 9776069911, 9862746011, 9864239617, 9869708410, 9891237636, 9913546000, 9977667926, 998754022
